Date,JP-MINA,KR_BW_01,KR_BW_02,KR_BW_03,KR_BW_04,KR_BW_05,KR_BW_06,KR_BW_07,KR_BW_08,KR_BW_09,KR_BW_10,KR_BW_11,KR_BW_12,KR_BW_13,KR_BW_14,KR_BW_15,KR_BW_16,KR_BW_18,KR_BW_19,KR_BW_20,KR_BW_21,KR_BW_22,KR_BW_23,KR_BW_24,KR_BW_25,KR_BW_26,KR_BW_27,KR_BW_28,KR_BW_29,KR_BW_30,KR_BW_31,KR_BW_32,KR_BW_33,KR_BW_34,KR_BW_35,KR_BW_36,KR_BW_37,KR_BW_38,KR_BW_39,KR_BW_40,KR_BW_41,KR_BW_42,KR_BW_43,KR_BW_44,KR_BW_45,KR_BW_46,KR_BW_47,KR_BW_48,KR_DG_OFS_00033,KR_DG_ONS_00028,KR_IB_49,SG_DG_ONS_00055,TW1
1/1/2025 0:00,38486.51,962,1514.17,423.27,4195.06,4022.86,3411.06,4196.35,3654.72,3916.86,828.95,2500.49,4112.94,3826.41,1349.66,0,3538,2270.21,8183.5,978.17,3027.62,1999.19,290.81,3120.61,171.81,0,1202,44551.4,4223.02,1920.52,8743.7,225.36,295.24,4102.56,3720.52,1233.75,1587.22,926.96,3914.36,144.95,3425.59,3692.89,425.63,431,294.86,300.75,298.89,205.06,0,0,370560,2709.66,0
1/2/2025 0:00,51309.8,850,1358.79,378.35,3498.69,3701.09,3251.27,3803.02,3323.23,3362.31,758.25,2301.81,2803.86,3406.77,1328.49,0,0,1476.5,9241.25,885.26,3009.73,1903.62,283.97,2727.84,157.36,0,1056,37996.1,3876.98,1750.46,9627.8,203.42,290.63,3702.84,3455.24,843.8,1164.42,923.7,3406.23,139.65,3108.13,3311.33,389.96,394,289.57,292.84,294.96,185.63,0,0,349966,2907.52,0
1/3/2025 0:00,54653.62,892,1515.71,447.83,4138.17,4271.95,3729.26,4421.96,3906.33,3924.74,900.98,2680.2,4165.69,3983.27,1319.73,0,0,1890.89,6486,993.16,3229.37,2133.24,310.24,3205.29,181.95,0,1094,46438.5,4386.16,2006.24,6666.7,230.36,324.36,4145.23,3957.68,1065,1389.51,949.35,4106.27,154.15,3633.7,3913.1,440.57,444,323.89,331,329.08,205.02,0,0,347524,3200.87,0
1/4/2025 0:00,63328.54,789,1443.28,419.04,4255.69,3137.92,2645.27,3351.18,2919.73,3332.27,754.98,2322.92,3565.05,3585.11,564.52,0,0,1963.1,7710.25,773.06,3334.88,1917.01,321.43,3148.03,171.68,0,999,44300.2,3250.93,2009.9,8019.4,188.08,331.23,3771.8,2844.32,1039.02,1329.09,672.74,3651.01,121.13,3590.24,3827.64,426.68,436,295,305.14,301.53,174.53,0,0,372667,3496.01,0
1/5/2025 0:00,66254.76,189,420.05,88.81,709.91,716.95,719.18,736.04,719.29,635.42,172.18,608.68,883.24,857.11,86.51,0,0,196.57,2681.25,223.27,286.7,315.18,28.58,557.38,42.3,0,246,7443.5,742.72,404.57,2834.7,49.36,27.49,719.4,732.17,84.87,137.08,126.55,820.56,40.32,875,872.57,98.25,99,62.98,62.84,64.11,43.14,0,0,151080,3298.77,0
1/6/2025 0:00,50296.7,212,354.6,171.53,2550.28,2123.43,1964.9,2112.41,1974.02,2156.27,322.08,1090.04,1760.93,1704.97,484,0,437.71,855.25,3349,535.92,1548.93,932.62,152.66,733.44,119.98,0,268,23894.6,2196.32,922.35,3871.7,111.62,144.25,1937.29,2114.42,467.5,798.31,276.7,1703.12,94.16,1872.63,1899.36,210.71,209,229.55,231,230.47,97.89,0,0,224120,2999.5,0
1/7/2025 0:00,26100.02,520,508.31,209.56,1911.79,785.27,554.69,904.02,625.87,2559.39,347.15,1020.87,1564.15,1188.87,37.1,0,3364.32,887.1,5188.25,272.87,2837.5,174.92,275.82,1433.57,140.78,0,616,29162.3,752.15,584.32,5036.9,93.77,288.56,556.87,456.35,533,882.98,0,1411.53,16.98,1880.53,1944.59,200.4,207,217.35,222.65,220.17,56.88,0,0,252940,2741.92,0
1/8/2025 0:00,36696.06,852,1235,393.44,3661.97,2942.06,2517.07,3278.96,2800.48,950.49,591.57,1716.24,3333.78,3036.07,428.09,0,1919.5,393.33,281,777.65,2584.58,1333.04,249.67,2597.08,162.21,0,1057,42228.1,3071.89,1429.92,278.9,194.11,264.13,3237.04,2353.95,149.54,300.39,239.96,3154.67,70.73,3001.35,3183.36,395.01,398,249.4,250.03,248.65,169.72,0,0,312000,3388.23,0
1/9/2025 0:00,24668.03,301,383.69,177.84,1819.61,1167.56,854.8,1293.76,858.62,2376.36,274.67,250.33,394.69,967.32,2.98,0,3899.43,661.67,152.5,26.85,3330.65,817.12,319.26,1379.63,133.29,0,277,21960.5,1170.78,98.46,262.9,65.59,331.45,930.49,713.31,370.89,650.52,30.14,1139.13,30.57,300.46,302.85,150.71,136,98.33,99.76,101.8,49.28,0,0,73920,3589.03,0
1/10/2025 0:00,88348.8,819,1303.08,413.9,2941.47,3170.47,2757.87,3429.34,2776.76,971.25,657.24,853.79,2468.66,2921.74,2.93,0,4204.56,524.49,1221.75,0,3529.33,1861.39,339.49,3008.43,192.48,0,966,46372.5,3262.87,6.2,2944.7,159.26,346.51,2864.62,2617.38,358.32,528.07,572.88,3569.34,103.61,2601.27,2482.19,396.53,384,180.4,168.9,182.29,128.73,0,0,37520,103.96,0
1/11/2025 0:00,24413.28,228,339.98,127.58,884.13,1575.25,1494.7,1680.52,1571.17,1474.6,341.23,1139.19,1150.34,1261.16,222.94,0,3647.63,387.66,1969,0,3349.87,1682.43,323.49,833.45,122.19,0,288,25491.9,1633.99,272.74,4589.4,100.52,334.84,1561.65,1506.05,239.44,336.62,613.26,1267.85,80.37,1784.08,1817.35,141.31,140,24.38,23.71,25.48,93.59,0,0,19050,661.46,0
1/12/2025 0:00,19173.82,850,1394.55,385.47,3441.75,3549.72,3111.71,3592.88,3269.6,2904.93,775.11,2397.17,3514.82,3480.41,1444.85,0,3424.13,921.33,6694.75,0,2990.24,1885.47,287.76,2730.54,173.76,0,1077,40767.6,3689.85,1312.16,8298.3,203.46,287.3,3714.54,3377.04,573.41,824.24,864.61,3614.38,140.25,3196.21,3367.24,394.78,395,318.09,320.15,318.59,183.03,0,0,240410,1616.86,0
1/13/2025 0:00,67580.66,849,1401.14,368.24,3274.46,3424.26,2995.88,3620.26,3173.3,2778.97,803.17,2504.03,3362.69,3176.73,1521.04,0,3196.44,1255.77,4187,0,2719.76,1882.76,260.46,2997.16,191.45,0,1075,37044.8,3531.07,978.84,4428.5,200.54,273.56,3529.29,3138.42,615.54,1080.26,795.57,3318.02,134.81,3024.87,3258.96,392.61,397,281.26,283.16,281.07,179.05,0,0,294580,1062.7,0
1/14/2025 0:00,79567.53,711,1212.54,324.02,3059.15,3086.66,2799.83,3189.06,2835.27,3393.09,655.34,2091.97,3352.21,3098.35,1393.38,0,2434.59,1589.01,7183.5,0,2408.03,1695.48,242.68,2191.55,166.47,0,868,34815.7,3146.3,1599.49,7617.4,181.63,240.39,3268.16,2970.67,894.68,1366.96,899.44,2888.2,127.37,2729.92,2913.94,344.47,345,286.18,281.88,288.17,165.42,0,0,321770,1656.69,0
1/15/2025 0:00,7786.88,319,591.2,252.38,2585.7,1898.47,1766.27,1981.01,1835.41,1684.82,479.84,1522.28,2260.11,1899.63,657.49,0,4256.73,775.6,8747,4.7,3520.93,2116.24,345.45,1164.88,126.42,0,399,29398.4,1937.92,1067.05,9059,130.87,352.06,2177.61,1818.44,519.5,893.45,483.73,1842.36,89.51,2105.28,2282.49,275.09,277,236.78,233.81,237.97,107.2,0,0,251880,1399.91,0
1/16/2025 0:00,19219.37,612,967.5,344.49,3567.9,2891.53,2602.09,2932.15,2679.49,1548.11,624.84,2013.67,3156.36,3221.02,1089.12,0,1359.03,349.9,8553,855.92,1070.91,1757.08,104.76,2417.1,169.89,0,794,37545.4,2965.97,525.46,8857.4,182.55,99.28,2852.28,2768.77,209.99,378.97,672.48,2860.27,119.92,3143.39,3357.29,354.33,353,239.81,236.92,237.88,155.1,0,0,317160,3180.57,4741
1/17/2025 0:00,70470.28,1070,1722.37,507.2,4616.8,4607.57,3999.42,4756.71,4244.06,3537.97,927.72,2744.53,4686.69,4284.15,1879.8,0,3814,1932.03,10602,1121.18,3209,2138.23,311.1,3549.34,198.57,0,1357,49462.9,4760.77,444.17,10830.7,252.42,314.93,4632.69,4224.06,983.81,1543.77,1109.12,4703.2,166.67,3906.48,4172,492.91,500,393.98,394.2,391.35,231.5,0,0,438500,2594.45,59289
1/18/2025 0:00,75368.56,727,1185.92,323.18,3128.47,3068.75,2735.99,3291.02,2940.73,2936.58,656.2,2132.54,3294.53,3056.16,1462.92,0,3759.68,1926.14,8538,855.73,3111.18,1747.45,301,2262.46,166.85,0,911,33683.9,3178.75,1660.29,8568.9,188.64,313.66,3281,2878.82,1031.45,1647.23,870.25,3042.99,137.02,2796.64,2940.12,337.54,338,290.78,290.28,289.63,171.65,0,0,299380,2176.91,29402
1/19/2025 0:00,57716.81,690,1256.66,337.11,3548.14,3245.03,2895.14,3476.83,3031.72,3508.52,642.8,2061.4,3328.97,3134.91,904.7,0,3111.04,1700.06,8778,903.65,2626.1,1966.47,258.93,2182.34,179.99,0,862,43394.6,3380.17,2003.3,8895.6,187.92,264.57,3478.05,3040.07,987.13,1662.99,842.4,3103.58,134.63,3509.88,3699.91,338.83,344,304.81,310.05,306.19,170.32,0,0,258940,1135.08,47168
1/20/2025 0:00,87468.7,497,873.42,295.08,2890.58,3436.56,3120.7,3435.54,3119.15,3377.53,627.04,2045.82,2780,2762.88,825.39,0,2350.9,1566.13,4976,876.84,1830.14,1686.15,182.06,1741.55,161.96,0,614,31493.6,3605.11,1736.44,3563.3,187.17,184.83,3176.93,3374.24,938.9,705.66,715.02,3032.28,137.22,2972.5,3119.05,315.71,315,311.94,317.08,316.89,171.34,0,0,347625,2940.01,56111
1/21/2025 0:00,100197.96,894,1454.71,417.8,4100.23,3914.82,3445.99,3988.58,3541.52,4542.47,773.78,2434.88,3947.62,3641.73,1529.71,0,3191.64,2240.45,8059,973.68,2859.35,1969.36,277.98,2972.78,190.13,0,1120,44865.9,4022.71,1985.58,7924.9,215.25,277.38,3913.23,3703.68,1225.75,948.4,993.88,3772.54,153.11,3543.43,3786.23,429.98,434,368.38,368.18,368.35,197.17,0,0,392811,1541.61,79901
1/22/2025 0:00,76761.5,462,790.76,207.07,1828.29,2151.68,2071.78,2251.45,2129.41,2652.22,442.29,1475.62,2239.81,2099.84,807.19,0,2213.56,1286.44,6117,627.22,2597.69,1330.52,257.41,1354.06,104.57,0,587,21496.9,2203.55,1220.92,4226.9,131.58,255.9,2233.91,2096.31,636.59,483.72,558.32,2074.69,109.3,1888.25,1982.69,222.76,222,151.54,150.99,151.44,121.81,0,0,190789,1544.14,67673
1/23/2025 0:00,72623.97,721,1186.13,387.19,3900.2,3378.72,3182.1,3353.22,3166.66,2278.86,697.64,2191.62,3380.55,3189.19,1668.84,0,3792.45,2125.78,10493,860.58,3460.32,1911.69,336.37,2211.03,181.13,0,922,41059.27,3454.98,1840.41,7190.2,183.28,337.27,3341.82,3310.04,1042.78,346.28,995.13,3421.69,141.76,3177.82,3316.52,383.26,386,347.85,345.38,346.46,165.42,0,0,373780,1722.38,104898
1/24/2025 0:00,79454.54,978,1592.1,452.53,4038.04,4119.58,3624.28,4298.55,3850.4,3255.42,869.11,2682.15,3811.71,3980.62,1717.74,0,4219.21,1511.45,10301,1066.53,3539.44,2064.64,344.82,3064.92,178.5,0,1250,41228.84,4226.53,2039.07,10478.9,240.71,351.5,4249.9,3785.14,807.49,582.15,1028.18,4353.47,159.9,3403.51,3600.67,445.97,448,374.64,370.98,369.39,219.12,0,0,398563,947.62,92613
1/25/2025 0:00,49022.38,971,1365.5,442.99,3955.61,4226.91,3767.36,4407.83,3957.73,4197.26,908.83,2780.63,4365.4,4002.1,1849.24,0,2816.93,2150.49,11163,1092.46,2144.22,1710.26,210.67,2884.1,189.3,0,1242,44856.1,4354.34,2022.14,11332.5,244.12,226.98,4345.45,3951.94,1119.76,1496.63,1116.99,4381.26,163.46,2971.42,3263.21,445.15,447,362.9,358.42,361.27,224.4,0,0,420953,2390.58,84980
1/26/2025 0:00,27125.8,306,523.8,141.32,1523.97,1550.46,1473.82,1724.3,1598.05,1969.33,326.23,1160.82,1607.48,1559.01,495.87,0,2309.2,870.45,4874,496.23,1640.48,973.32,160.84,833.93,89.09,0,392,16352.3,1619.83,880.71,4929.8,106.14,171.2,1701.37,1492.87,437.63,520.78,413.89,1451.02,83.03,1432.73,1461.45,155.77,156,165.31,164.4,165.54,95.21,0,0,120580,2166.36,80015
1/27/2025 0:00,15115.87,355,737.92,262.81,2801.17,3036.08,2831.67,2982.87,2787.3,1406.55,486.05,1603.61,2376.51,2571.26,494.13,0,1916.44,723.65,6106,756.49,422.59,978.35,55.43,1371.88,143.84,0,452,22142.1,3148.54,213.11,6092.9,145.9,48.5,2888.36,2929.33,360.52,572.37,521.19,2714.06,129.66,2153.72,2140.34,275.07,275,282.47,280.05,281.55,149.25,0,0,284352,1801.19,34674.58237
1/28/2025 0:00,8974.23,421,836.05,254.36,1816.2,3588.2,0,3713.69,3362.55,565.82,302.83,859.66,2430.97,2697.25,100.24,0,1076.78,533.56,4,911.59,1271.25,868.74,166.89,551.47,83.47,0,495,12859.1,3663.18,160.86,21.8,176.85,153.02,3668.2,3248.24,367.39,581.74,659.35,2108.71,153.67,548.5,199.31,233.79,211,212.32,209.41,210.09,192.54,0,0,274309,2684.59,84208
1/29/2025 0:00,10877.79,287,328.78,262.45,2239.15,1539.02,0,1711.58,1183.03,2507.32,159.11,145.37,2184.72,999.19,744.32,0,3422.96,816.91,1,177.81,3647.57,850.68,364.4,865.34,119.72,0,343,23563.4,1501.34,91.23,1.5,20.91,367.42,1897.51,929.22,431.36,628.84,246.81,1335.87,33.13,1898.99,1472.58,238.35,233,273.19,268.44,265.37,78.44,0,0,317825,2348.77,97119
1/30/2025 0:00,75431.3,1014,1668.72,466.18,4696.2,4629.48,0,4776.86,4309.94,4712.61,915.49,2636.99,4243.03,4039.5,1857.84,0,4234.27,2475.46,244,1045.44,3191.87,1792.55,314.09,3376.32,212.13,0,1300,49107.1,4806.75,687.97,537.2,225.63,317.38,4241.85,4147.65,1336.91,1735.48,777.33,4450.23,175.08,4026.77,4247.82,474.46,477,436.59,433.27,430.04,226.46,0,0,413620,3792.5,98032
1/31/2025 0:00,69093.98,205,361.47,115.62,1304.42,1009.72,0,1039.24,1017.52,1475.55,182.31,642.47,1017.53,1032.71,415.36,0,1966.29,820.05,1870,303.74,1482.19,465.42,145.7,624.17,75.63,0,265,8919.8,1036.3,447.59,3189.4,59.55,144.03,1009.14,1015.79,273.94,435.73,196.52,991.93,56.2,1025.39,1019.51,125.68,126,161.21,159.96,160.94,57.42,0,0,187720,3639.29,44694
2/1/2025 0:00,5458.16,78,111.34,55.26,656.45,608.38,618.1,628.12,633.28,632.36,106.81,397.33,623.22,549.53,293.66,0,549.34,153.24,7436,189.37,1041.63,305.26,103.37,203.9,32.44,23332.56677,95,5550.8,628.18,305.67,7446,37.05,97.05,589.06,616.15,62.19,147.18,130.67,533.82,36.06,781.4,762.79,61.72,62,78.68,77.17,78.72,35.38,0,0,110830,2732.98,107967.4003
2/2/2025 0:00,29411.51,617,997.85,297.28,3049.24,3091.14,2925.1,3117.06,2919.23,3891.59,577.53,1911.37,2871.14,2650.76,1105.35,0,2463.88,1763.85,10812,778.57,3480.33,1575.21,344.05,1908.69,168.58,14878.25128,786,30797.1,3188.85,1403.31,10871.2,160.53,342.69,3076.3,3031.08,928.83,1591.7,846.84,2798.17,139.95,2855.28,2924.86,312.28,315,308.54,310.14,308.06,153.96,0,0,349920,3678.93,71905
2/3/2025 0:00,36635.52,746,1061.66,346.58,3558.06,3066.65,2881.09,3257.79,2980.15,3706.41,647.1,2133.58,3391.6,3098.29,577.97,0,4837.72,1314.41,10431,811.58,4123.62,1768.36,413.43,1977.99,175.47,72024.08008,976,38430.6,3114.26,1750.67,10531.3,183.65,411.14,3320.81,2924.75,845.86,279.69,635.74,2978.25,146.41,2619.71,2681.61,358.56,359,278.68,275.39,274.96,168.85,0,0,323370,3874.72,41421
2/4/2025 0:00,16978.94,16,244.85,152.28,867.17,295.18,229.35,373.02,248.62,2532.01,158.04,102.57,124.97,320.19,11.53,0,5022.89,935.77,8272,84.24,4249.25,284.76,424.84,154.49,166.16,60461.39581,10,16830.1,302.95,240.01,8444,29.21,423.97,354.04,210.49,573.55,1002.62,0,475.78,13.61,2693.89,1367.4,96.24,108,79.38,84.56,90.04,19.69,0,0,184281,3290.61,60313
2/5/2025 0:00,1115.65,93,420.22,178.02,1567.2,252.94,184.14,445.95,206.63,2380.2,190.22,63.28,29.58,244.25,44.79,0,4591.77,942.84,10408,68.95,3847.31,1257.8,385.55,700.26,138.47,58347.81653,46,13885.6,301.1,165.7,10703.1,47.47,388.15,389.35,162.99,502.23,764.26,0,567.7,9.75,1405.61,1464.5,158.55,164,70.82,68.7,70.85,19.12,0,0,24748,1591.39,67822
2/6/2025 0:00,47749.47,439,619.36,349.45,2759.12,904.98,275.96,1237.66,328.48,1474.94,608.32,162.51,525.74,317.36,554.43,0,4673.3,811.11,7071,96.63,4124.37,1564.29,411.62,1601.5,180.17,81591.18408,473,29051.9,1013.35,224.19,7130.8,135.33,419.76,668.43,343.84,442.44,735.23,163.3,1734.67,18.26,2261.51,2416.8,359.69,365,205.05,200.31,207.89,51.43,0,0,202493,4087.61,97309
2/7/2025 0:00,24297.42,16,46.68,142.21,1821.35,331.66,233.44,401,232.63,1029.47,65.19,29.32,132.85,112.03,7.57,0,2294.34,656.48,31,75.8,621.46,37.9,64.72,660.3,75.78,76627.63367,14,3092.2,332.61,97.36,46,22.05,47.64,389.84,198.87,347.31,503.66,27.29,187.83,17.53,1415.82,818.65,118.69,103,118.06,115.48,119.58,17.31,0,0,131204,3228.79,62268
2/8/2025 0:00,77703.66,485,735.44,169.24,1266.54,622.07,306.79,856.38,315.71,1798.2,387.66,64.73,1564.33,363.23,19.07,0,5129.42,1084.82,1312,104.14,3521.74,195.59,394.19,1626.29,263.64,60664.59348,507,37072.9,647.32,286.61,1134,85.34,345.93,757.83,495.76,486.92,621.34,214.51,1540.36,25.71,2755.56,2678.43,159.09,162,126.95,117.64,137.26,31.99,0,0,112672,3394.49,44143
2/9/2025 0:00,83894.36,887,1536.36,413.59,2877.46,3138.57,1782.17,3298.63,1403.02,2904.59,850.86,751.66,4327.52,3400.9,496.94,0,5117.95,1174.36,4679,549.19,4327.1,1826.99,432.29,2755.41,229.57,78417.21533,1137,47288.8,3201.44,1090.6,7607.9,246.55,429.44,3995.01,2589.4,743.57,956.41,733.35,4576.02,51.61,3349.86,3450.17,462.38,465,296.72,283.2,294.68,149.44,0,0,245319,3349.46,64018
2/10/2025 0:00,37642.15,676,1374.53,428.47,4001.46,3456.03,3100.16,3480.06,2915.23,4135.6,614.94,1835.43,3956.68,3808.53,1074.03,0,3774.12,1391.67,8816,775.25,3185.52,1468.34,319.45,2337.98,216.4,88183.91748,865,36165.1,3590.44,1055.52,9068.5,172.37,326.84,3726.96,3298.15,851.38,1182.93,690.09,3795.16,75.88,3398.49,3528.33,462.94,465,326.54,327.09,326.18,181.28,0,0,374940,3127.71,113112
2/11/2025 0:00,75453.92,1168,1889.69,544.72,5023.96,5045.64,4619.59,5166.41,4764.87,5437.02,1056.75,3252.33,5156.9,4771.9,2017.63,0,4747.42,2559.88,12424,1305.32,4044.69,2441.54,406.95,3786.43,242.33,79487.60547,1505,52956.1,5232.84,2423.16,12467,286.15,404.19,5135.87,4774.46,1390.07,1754.98,1249.92,5400.68,158.89,4497.94,4673.05,542.11,545,472.84,465.19,465.47,267.62,0,0,509140,3396.74,98857
2/12/2025 0:00,11642.86,87,184.72,54.26,592.76,576.6,589.49,606.24,595.94,779.19,81.26,282.11,705.39,584.01,83.72,0,60.22,326.93,2256,172.54,192.74,81.64,19.53,192.07,29.9,109212.5083,104,3424.1,596.66,194,2322.2,33.88,17.65,647.66,585.37,213.4,295.99,72.45,545.19,34.38,411.83,415.16,58.65,59,82.48,81.87,81.94,30.12,0,0,104285,3532.12,22121
2/13/2025 0:00,78633.03,1254,2142.35,592.66,5297.78,5481.17,4960.64,5622.69,5154.19,5728.41,1128.18,3560.03,5619.99,5196.2,2104.27,0,5171.27,2413.64,13601,1414.3,4481.95,2693.05,449.4,4007.4,267.42,18775.41228,1654,57706.1,5685.07,2634.89,13658.8,310.23,446.43,5545.7,5135.94,1473.72,2021.78,1450.31,5935.24,222.16,4872.48,5044.89,581.47,585,497.18,495.35,498.49,291.36,0,0,537450,2676.48,17176
2/14/2025 0:00,79999.22,1129,1876.85,516.18,5041.77,4911.34,4500.85,5105.31,4701.63,3749.79,1034.24,3292.26,5080.8,4663.26,1987.39,0,4659.13,1984.99,11726,1324.36,4119.24,2536.91,410.89,3677.34,246.75,2309.576904,1467,53582.6,5033.78,2493.51,11935.9,287.98,408.25,5094.38,4622.55,977.74,1274.55,1300.76,5240.69,203.56,4396.22,4578.98,517.2,519,473.9,465.04,462.39,271.89,0,0,507850,3173.84,77381
2/15/2025 0:00,42160.64,164,239.48,92.22,847.93,943.73,940.93,975.16,959.97,465.48,177.27,645.86,1044.96,956.12,445.18,0,2506.32,144.95,6117,295.84,2582.6,429.29,261.3,376.19,53.98,116340.0366,205,8165.9,971.9,483.55,5408.6,61.78,258.07,971.7,956.88,60.34,96.14,209.45,917.69,53.82,887.15,880.1,102.88,103,80.17,78.98,81.29,56.61,0,0,81758,2803.08,91552
2/16/2025 0:00,52916.73,911,1569.51,434.06,4199.69,3833.59,3630.68,3961.89,3677.49,4747.37,762.78,2550.57,4064.05,3852.21,1188.49,0,4032.22,2145.14,7465,1090.69,3489.84,2197.35,350.5,3051.11,244.89,21982.58038,1199,47898.8,3912.48,2199.49,6654,231.44,349.76,3993.59,3687.26,1164.78,1517.81,997.04,3987.79,178.5,4017.35,4185.5,448.18,448,397.49,390.55,391.1,221.76,0,0,353330,3612.22,101945
2/17/2025 0:00,75156.96,1082,2169.7,465.56,4621.85,4872.27,4497.71,5185.74,4704.52,4960.55,1012.66,3202.67,4871.76,4934.54,1741.9,0,5477.56,2474.94,14286,1086.89,4587.28,2752.68,461.99,3410,264.31,110375.6946,1477,55143.1,3394.14,1113.24,9823.8,287.31,458.22,4846.4,4494.67,1411.83,2309.37,1200.91,4597.59,216.72,3935.06,4136.02,476.86,476,377.82,374.48,375.79,218.91,0,0,463200,3219.69,102613
2/18/2025 0:00,89471.92,1260,2077.4,573.15,5236.97,5545.72,4985.77,5654.11,5199.96,4922.96,1145.94,3629.33,5546.22,5322.43,1817.06,0,5448.08,2226.06,13372,1353.7,4613.02,2783.93,465.49,3988.81,288.76,128163.52,1694,59728.4,5122.94,2720.63,9789,318.38,459.49,5382.92,5178.32,983.56,2179.41,1384.95,5682.05,229.59,5041.99,5237.18,564.72,564,489.07,480.13,480.51,290.68,0,0,485970,2330.27,109547
2/19/2025 0:00,105631.4,1126,2074.19,506.93,4495.1,5076.83,4693.36,5139.29,4785.15,5485.16,1041.77,3276.68,5238.09,4872.21,1681.05,0,5378.2,2131.75,14805,1274.21,4621.78,2758.21,467.56,3849.66,286.49,130598.2935,1517,58935.5,5273.44,2330.1,11178.7,299.8,462.68,5048.26,4792.54,1406.25,2252.2,1024.15,5334.06,219.62,5001.37,5095.61,511.23,508,461.38,454.27,455.15,264.97,0,0,407420,2378.62,104763
2/20/2025 0:00,105999.26,1145,2056.52,542.64,4979.29,5223.39,4779.29,5238.76,4858.96,4885.83,1127.39,3597.85,5333.16,4804.1,1725.45,0,5381.56,1884.68,14768,702.34,4603.67,2650.52,464.47,3771.22,275.42,96494.2356,1485,54824.9,5340.52,2514.44,14834.1,304,459.19,5370.91,4955.83,1138.86,1879.55,1462.06,5366.39,217.19,4737.44,4918.96,545.37,545,463.76,461.89,459.36,280.63,0,0,492860,3496.32,47556
2/21/2025 0:00,96654.89,1131,2292.15,517.98,4830.21,5329.99,4977.73,5207.21,4940.62,4564.09,1073.59,3455.38,4980.6,4758.15,1807.57,0,5333.46,1958.77,14650,968.43,4619.24,2522.05,467.01,3772.76,275.46,110801.6926,216,52451.6,5453.9,1505.05,9930.2,291.09,460.27,4963.32,5211.25,1339.12,2124.05,1439.32,5118.06,227.38,4993.61,5037.44,535.31,537,466.03,455.56,457.48,257.56,0,0,478440,3545.6,75200
2/22/2025 0:00,105350.09,1066,2077.52,550.01,4983.28,5391.06,5054.66,5295.63,4987.05,3099.11,1110.69,3540.31,5280.5,4881.19,1949.38,0,5451.1,1571.64,12411,1399.25,4682.39,2637.05,467.46,3599.84,266.81,121577.9849,1429,50824,5580.52,2263.12,12608.4,303.43,465.66,5184.35,5156.25,951.85,1567.25,1188.21,5585.9,222.73,4794.53,4885.26,551.29,553,463.6,457.97,459.64,282.77,0,0,407126,2822.66,113922
2/23/2025 0:00,74215.26,780,1503.8,393.04,3766.81,3693.15,3398.44,3873.05,3594.52,3694.18,671.82,2219.38,4250.3,3721.65,1029.29,0,5094.41,1303.27,10855,1144.39,4767.95,2150.33,481.32,2340.3,239.39,121994.7808,1036,45079.7,3750.44,1103.06,10916,243.03,474.31,4038.47,3430.76,813.05,1415.67,820.97,1919.12,170.49,2939.43,3043.16,407.88,406,347.24,345.07,343.16,225.52,0,0,302934,2399.46,42198.46293
2/24/2025 0:00,84127.46,1069,2158.45,543.84,4926.45,5044.86,4523.92,4942.47,4608.97,4105.71,1029.74,3287.8,5145.06,5068.25,2059.73,0,5491.23,1444.8,15472,1463.53,4760.8,2569.59,477.22,3275.77,273.68,105736.9426,1412,56915.7,5111.36,2288.73,15651,302.67,471.37,5498.68,4807.64,1032.5,1679.09,1552.54,0,210.23,4937,4887.62,513.23,513,367.35,356.49,361.38,292.78,0,0,407860,3020.03,106192
2/25/2025 0:00,107963.59,947,1690.46,428.72,3835.95,3970.07,3628.31,4262.4,3921.59,3639.16,895.29,2957.93,4244.81,3994.35,1735.13,0,5058.1,1588.61,9082,1209.08,4274.47,2096.68,436.09,2931,222.61,137467.0249,1241,42751.2,4060.78,822.04,9159.8,262.39,429.22,4417.86,3602.94,865.07,1334.81,1207.97,772.46,182.43,3448.55,3591.71,437.9,431,357.6,358.86,361.62,242.44,0,0,390319,2044.62,116614
2/26/2025 0:00,77784.65,1110,1641.53,512.13,4620.19,5346.34,5015.71,5233.81,4978.73,5483.2,1071.99,3487.6,4243.51,4811.81,2091.22,0,4992.27,2411.35,14979,1411.79,4394.66,2579.93,446.56,3544.57,247.37,103464.5654,1451,49453.2,5505.35,2421.22,15071,289.44,436.4,5395.41,5231.17,1320.92,2203.58,1462.13,5445.88,231.68,4763.1,4821.59,514.65,516,418.1,411.59,413.76,281.06,0,0,526250,2625.2,51915
2/27/2025 0:00,68302.7,955,1514.96,429.7,3651.93,4659.07,4312.17,4771.21,4509.08,1304.6,932.31,3066.46,4662.5,4369.81,2024.47,0,5149.5,460.21,14203,1235.33,4557.54,2169,457.24,2643.36,184.25,94841.05151,1220,34351.1,4812.91,2148.81,14301.4,262.92,452.74,4910.31,4439.61,211.3,405.18,1155.03,4789.71,216.74,3070.6,3175.91,439.32,441,333.79,330.67,331.08,251.49,0,0,490028,3187.9,80196
2/28/2025 0:00,86225.06,522,788.89,319.58,3282.33,3281.02,3151.35,3042.72,3015.72,4673.4,454.72,1619.85,3014.65,2661.74,1255.01,0,5077.14,2407.24,9378,722.57,4497.31,1667.58,454.94,1840.63,197.97,81279.98706,676,24665.8,3374.24,949.49,9530.1,152.9,446.73,2664.06,3322.52,1270.09,2161.64,1002.75,2916.46,146.08,2997.81,2936.75,327,332,316.23,307.45,310.71,132,0,0,300960,2641.25,127341
3/1/2025 0:00,57750.19,200,507.23,103,781.98,1183.74,1117.1,1263.29,1202.48,623.37,190.53,665.54,1077.27,1101.14,129.18,0,1300.29,386.59,2128,324.56,1569.86,261.61,158.14,930.37,42.85,101299.7869,40255.2,3659.8,1207.56,272.06,2234.1,57.31,161.23,1393.93,1127.7,89.6,194.81,294.9,1025.12,62.61,808.77,839.24,107.51,107,107.26,106.56,107.24,63.01,0,0,128185,2250.52,122708
3/2/2025 0:00,39515.31,554,506.14,108.31,1187.94,1624.63,1618.63,1646.86,1617.55,542.43,389.13,1375.5,1541.3,1924.81,957.98,0,350.17,343.2,3952,548.81,422.21,617.76,40.78,926.45,40.66,13996.26004,0,5525.6,1657.76,418.94,3979.6,111.04,38.83,1423.91,1610.89,79.29,0,423.93,1789.55,89.15,1103.02,1145.02,117.31,116,111.33,110.86,112.49,93.24,0,0,137230,2601.22,107726
3/3/2025 0:00,29751.95,212,353.31,99.86,884.81,1335.46,1345.75,1344.98,1356.74,1727.38,250.69,966.32,1338.11,1202.56,684.43,0,1040.64,548.79,11531,417.57,19.85,739.03,2.53,469.26,51.76,19164.20831,0,6560.1,1371.51,554.78,11661,78.74,0.89,1202.5,1373.14,184.51,0,305.11,1181.45,77.45,1035.12,1014.95,112.98,112,78.64,78.14,79.14,75.07,0,0,107280,4002.18,88464
3/4/2025 0:00,24095.15,289,453.09,119.91,1720.45,1950.93,1902.21,1941.77,1903.16,1882.51,278.07,1030.73,1554.93,1470.3,268.33,0,957.77,768.97,5173,553.34,40.2,892.39,3.9,856.07,99.68,29318.10669,0,18090.7,2000.92,823.18,5179,93.98,2.24,1926.06,1994.93,315.21,543.35,446.05,1493.44,103.3,1850.58,1816.66,144.07,145,142.33,141.91,141.89,99.27,0,0,166260,2931.61,89005
3/5/2025 0:00,67604.81,205,413.96,151.72,1962.83,1231.12,1238.22,1264.96,1243.96,2623.34,242.31,840.27,1615.53,1029.92,171.85,0,1805.22,616.91,4206,387.58,616.61,699.84,51.35,706.5,114.63,46775.53223,0,22243.2,1250.95,642,4293.4,76.8,31.12,1346.3,1229.76,885.74,1384.37,268.15,995.43,70.92,1780.04,1827.65,165.49,163,149,148.24,148.57,74.95,0,0,150740,1689.89,80617
3/6/2025 0:00,85455.49,1045,2148.66,562.27,5398.45,5526.92,5204.75,5516.28,5223,4227.61,986.21,3385.07,5473.93,4899.32,2155.86,0,4305.6,2486.58,14573,1444.33,3788.56,1967.04,386.02,3842.09,268.86,102962.1703,0,54954.3,5678.14,2332.02,14680,323.7,361.18,5535.95,5372.83,1493.2,2418.95,1619.32,5187.7,250.17,4985.18,5080.24,565.12,565,532.61,527.96,533.76,298.13,0,0,544310,1555.26,43114
3/7/2025 0:00,102720.51,934,1610.38,505.41,4937.88,4803.16,4377.69,5036.08,4691.89,4554.14,890.41,3060.32,4625.43,4406.6,1919.97,0,4402.94,2109.51,13529,1371.85,3618,2585.26,356.77,3445.22,286.79,110398.0962,0,50972.9,4925.43,2543.22,13592.7,289.18,351.52,4970.91,4585.29,1200.91,2121.56,1302.52,4366.88,231,4328.56,4498.87,523.02,520,486.57,484.24,484.34,271.26,0,0,491539,2776.8,56235.57816
3/8/2025 0:00,36321.81,350,534.47,153.29,1274.31,2165.97,2140.25,2196.65,2171.19,2365.75,452.02,1556.98,2131.72,1935.81,1072.81,0,3529.73,1073.65,13285,640.01,3399.82,1072.02,333.19,759.81,71.44,120376.7959,0,11263,2214.6,992.54,13350.7,133.75,329.02,2063.18,2177.5,565.2,938.05,622.64,2364.1,119.16,1305.98,1296.03,167.03,166,121.48,120.44,121.31,128.21,0,0,265120,2392.79,120424
3/9/2025 0:00,32494.03,1084,2140.38,560.62,5354.75,5553.68,5231.25,5605.79,5267.77,5618.47,1005.15,3441.47,5625.41,1545.98,2067.9,0,3184.1,2721.51,13558,1528.27,4773.24,2764.94,483.57,3746.68,309.51,64061.75928,0,47593.22,5726.48,2733.5,13807.1,322.8,477.55,5602.3,5329.56,1414.49,2500.18,1490.3,1543.85,257.95,5000.11,5161.34,584.23,581,535.11,530.44,533.81,303.53,0,0,390260,571.3,114470
3/10/2025 0:00,46570.28,706,1241.77,336.44,3189.19,3499.61,3211.7,3704.34,3485.38,1292.85,719.95,2486.45,3645.54,3426.54,1705.51,0,4177.55,424.83,14317,1061.83,3817.48,1882.38,384.56,2202.59,200.31,129264.7085,0,0,3608.29,1890.56,14347,224.55,380.1,3768.39,3331.53,142.12,314.26,969.94,3544.11,183.06,3368.93,3425.26,350.8,348,299.31,297.4,298.36,204.62,0,0,387370,2686.46,76511
3/11/2025 0:00,65920.77,1134,2112.48,593.45,5659.61,5845.99,5481.05,5997.89,5630.02,2389.73,1057.32,3620.08,5944.47,5537.74,2116.89,636.6,5371.39,1372.61,14910,1617.28,4899.6,2814.27,490.65,3999.84,329.38,88828.71191,0,0,6009.5,2858.02,15219.2,343.59,485.42,5964.75,5626.96,515.68,887.11,1436.03,5441.68,265.9,5354.09,5473.6,618.66,614,572.71,564.61,572.71,325.16,0,0,596146,3433.78,104194
3/12/2025 0:00,68790.92,564,936.74,253.96,2071.71,3255.07,3147.41,3293.88,3184.01,1391.12,636.74,2181.21,3084.61,2933.14,1028.49,697.5,3876.34,552.94,5216,977.56,4267.66,1775.86,425.66,1578.67,161.81,136723.8325,0,0,3367.66,1447.42,5272.4,197.8,418.76,3292.97,3258.97,205.6,402.66,867.4,3156.39,164.98,2644.1,2594.59,264.63,265,210.65,213.41,213.92,181.72,0,0,304660,3564.63,120986.8283
3/13/2025 0:00,30378.43,904,1701.25,463.08,4458.33,4441.84,4313.48,4281.63,4239.11,2802.92,802.11,2052.81,4290.93,4081.72,1702.55,1143.3,4477.41,1284.61,13717,1192.25,4469.29,1975.25,444,3105.89,251.18,79440.00562,0,8496.95,4536.57,2020.02,13898,245.11,434.62,4172.33,4469.94,584.97,1048.62,1191.4,4172.52,212.84,4688.98,4657.97,482.93,485,432.14,433.65,438.12,233.69,0,0,462850,2776.86,43243.18856
3/14/2025 0:00,32741.99,1144,2163.58,575.4,5638.75,5750.58,5401.47,5924.37,5555.29,3666.91,1050.89,3609.35,5860.18,5423.18,2156.39,1444.7,5459,1934.76,14441,1606.69,4902.25,2920.47,494.84,3954.77,311.86,956.3904362,0,56429.5,5915.8,2884.58,14980.5,340.25,486.54,5925.21,5456.66,1055.25,1697.75,1440.79,5280.83,265.9,5239.92,5393.87,599.84,595,503.89,503.26,507.14,324.65,0,0,600737,2256.03,94411
3/15/2025 0:00,25234.1,397,644.4,228.18,2372.33,2395.18,2319.52,2460.36,2395.49,2612.36,439.7,1494.54,2307.29,1783.71,1209.3,906.3,2064.74,1001.24,13527,720.39,2285.13,1289.33,226.8,1574.1,111.93,135547.4463,0,19922.1,2465.79,1029.74,13758.7,142.82,223.85,2501.57,2332.13,497.56,839.65,685.98,2074.46,132.51,2279.89,2291.36,230.97,230,210.19,210.89,212.05,136.26,0,0,286690,2195.6,60306
3/16/2025 0:00,38129.58,453,907.26,331.44,3631.86,3411.04,3342.75,3293.57,3243.81,2149.27,456.67,1569.72,3344.62,2975.06,1155.94,932,1471.99,944.55,12265,953.15,1519.03,1130.19,149.45,1582.27,222.43,53948.26038,0,28126.8,3504.26,1114.26,12620.5,177.93,148.63,3475.6,3472.62,583.6,1017.65,873.1,2871.29,165.76,2892.95,2856.59,330.98,332,314.32,315.02,320.52,180.01,0,0,432520,2734.37,99776
3/17/2025 0:00,86954.48,708,2236.87,579.58,5601.29,6093.83,5851.8,6066.23,5785.71,5976.2,1070,3648.73,5879.44,585.11,1931.26,1577,5370.75,2340.54,15872,1659.34,4536.15,3094.59,455.09,3897.84,387.82,72740.87305,0,57642.8,6201.59,2911.42,16247,352.15,451.2,6099,5938.83,1403.75,2295.72,1519.86,5499.67,286.03,5430.58,5359.05,586.54,587,424.03,389.04,515.07,324.54,0,0,591580,3405.66,16254
3/18/2025 0:00,36353.1,312,314.38,256.32,2849.26,1852.62,1682.53,2008.91,1864.13,4020.52,224.36,667.19,2307.4,912.03,814.63,460,2412.17,1560.24,4105,626.9,1970.16,584.59,200.62,916.96,214.92,151380.0859,0,22661.5,1900.23,39.88,4523,116.7,189.72,2019.44,1680.37,891.39,1443.75,384.65,1855.69,98.97,2109.38,2076.18,265.97,262,329.57,329.62,332.57,123.09,0,0,325250,3624.33,21484
3/19/2025 0:00,72824.28,1143,2450.89,563.97,5230.51,6049.32,5742.28,6138.96,5878.94,5831.73,985.54,3364.96,5905.36,5690.64,1889.89,1450.8,5648.63,2818.62,16470,1580.08,4706.29,2811.1,318.76,3680.3,367.53,93908.66113,0,62504.4,6274.04,1869.46,16720.3,325.97,464.27,6052.14,5877.24,1506.18,2384.41,1559.97,5551.03,288.44,5664,5635.62,596.5,594,558.74,558.15,542.13,326.76,0,0,587079,285.85,129751
3/20/2025 0:00,41379.6,1097,2184.26,566.89,5692.37,5760.35,5438.12,5877.34,5561.73,5789.94,1009.95,3424.44,5866.64,5420.1,2153.49,1446,1025.5,2806.73,15712,1631.32,5148.6,2898.23,0,3948.27,343.87,147700.1221,0,57213.9,5952.19,2859.9,15820.5,331.52,509.04,5938.74,5554.25,1362.7,2584.64,1383.02,5464.03,275.48,5403.47,5467.41,595.38,596,567.96,562.16,571.49,321.97,0,0,599776,260.84,150309
3/21/2025 0:00,62141.85,1158,2122.38,571.4,5643.18,5909.85,5588.66,5935.77,5646.75,6257.73,1074.72,3611.13,5968.76,5495.75,2162,1466.6,421.2,2783.2,14861,1654.26,5063.94,2874.97,0,3960.47,342.05,137299.4258,0,58338.6,6096.44,2884.74,16025.4,341.38,501.47,5964.93,5724.29,1483.09,2576.71,1490.18,5494.79,279.78,5469.6,5514.81,604.22,605,575.3,567.04,581,327.95,0,0,602650,2644.58,146900
3/22/2025 0:00,34275.44,1156,2217.89,569.76,5665.78,5830.75,5541.06,5845.59,5587.11,4966.82,1063.86,3575.06,5858.56,5471.09,2140.84,1415,0,2942.48,15461,1625.88,4981.24,2822.03,0,1074.99,344.9,141061.3896,0,58239.6,5990.6,2852.06,15570.8,339.72,493.13,5898.23,5640.35,1539.84,2697.99,1448.86,5455.85,277.93,3098.75,2322.06,602.73,603,582.18,574.79,581.09,325.29,0,0,601790,3083.68,146149.244
3/23/2025 0:00,22834.76,1115,1938.13,528.49,5388.34,5383.05,5004.53,5494.64,5282.5,4563.49,991.97,3334.66,2766.14,5150.14,1981.2,1335.8,4217.15,2747.54,13616,1547.43,3305.12,2686.49,0,3637.51,331.53,139837.8018,0,54530.3,5537.06,2605.28,8468.8,320.18,480.86,5564.95,5198.21,1437.62,2495.24,1363.27,5183.54,258.56,5035.94,5186.02,580.49,580,566.87,561.7,564.85,306.41,0,0,433040,2928.11,139000
3/24/2025 0:00,52227.28,1007,1801.74,495.58,4935.97,4981.02,4775.42,5095.18,4881.98,5385.73,939.21,3173.2,5101.4,4720.69,1892.46,1243.4,4542,2618.87,12904,1454.72,4281.04,2521.88,366.04,3392.51,305.86,111392.0859,0,51769.7,5128.27,2493.16,13299.4,300.23,416.75,5174.57,4808.66,1397.77,2376.45,1261.74,4745.49,246.96,4803.91,4868.59,524.77,526,511.04,507.81,510.43,284.4,0,0,498980,2112.73,134335.6858
3/25/2025 0:00,55089.8,1036,1876.33,510.96,5029.84,5152,4964.68,5148.58,5001.16,5378.79,953.88,3198.01,5065.44,4899.41,1762.42,1201.7,4656.64,2573.52,11856,1458.48,4394.32,2571.68,439.89,3487.11,311.93,125613.1431,0,52980.1,5288.31,2582.94,11952,308.66,438.67,5092.66,5036.23,1364.49,2288.19,1202.74,4942.04,252.94,4906.88,5013.27,541.8,542,526.86,522.58,522.69,284.96,0,0,511430,2941.67,134560
3/26/2025 0:00,66605.6,1131,2075.6,556.08,5512,5730.86,5410.48,5781.83,5584.57,4418.6,1040.09,3510.8,5668.95,5424.99,2054.74,1381.8,5332.28,2185.55,14628,1607.5,4058.53,2788.92,407.39,3926.91,333.88,125109.5498,0,56973.4,5876,2744.3,14376.2,331.47,411.29,3540.76,5573.05,706.74,1044.9,1427.77,5378.22,271.17,5367.25,5511.86,585.53,587,582.1,577.94,584.99,320.28,0,0,488590,3862.42,127859
3/27/2025 0:00,14046.23,221,312.69,66,668.99,757.17,766.99,779.78,784.03,843.81,193.02,634.34,913.89,962.98,252.2,247.3,2527.07,311.49,5914,314.36,2275.39,639.8,228.64,592.98,66.04,135289.8467,0,9890.1,771.77,583.54,5198.8,60.78,224.27,804.92,762.92,127.89,164.22,155.16,1084.87,44.59,986.47,978.88,70.5,71,67.29,65.97,67.91,59.49,0,0,97870,2870.4,137843
3/28/2025 0:00,31620.31,1071,1991.46,545.08,5203.52,5697.26,5457.97,5751.82,5503.15,3899.4,1045,3449.28,5518.04,5097.7,1994.06,1492.7,3723.97,2088.82,17237,1627.17,4034.32,2461.1,402.43,3574.5,318.83,36119.23901,0,51189.8,5812.39,2445.04,15163.3,330.89,395.19,5680.05,5527.94,1243.86,1963.68,1525.25,3193.49,279.18,5094.87,5162.95,569.28,568,512.22,508.43,514.73,314.76,0,0,583547,3227.49,127012.4439
3/29/2025 0:00,87084.47,732,1196.85,379.42,3273.51,3801.74,3607.84,4055.16,3843.76,3702.12,789.74,2011.99,3681.92,3710.86,1280.81,1057.4,4816.57,1671.45,13543,1199.66,4689.41,1993.97,471.22,2133.89,193.61,120056.7988,0,30884.8,3866.4,1957.96,11880.6,247.3,470.83,4161.57,3549.18,965.48,1480.91,900.93,3809.45,198.82,2990.45,3021.84,393.64,386,308.08,303.89,309.14,230.74,0,0,420711,3269.01,76508
3/30/2025 0:00,98865.59,951,1688.72,456.92,4644.42,4796.57,4646.29,4933.24,4711.39,4592.75,922.28,3056.33,4763.41,4479.05,2064.68,1553,5652.72,2500.54,16951,1426.55,5280.42,2548.36,325.15,3163.19,313.89,94895.45093,0,51425.6,4926.45,2410.28,14847.8,297.42,531.47,2449.83,4629.71,1342.83,2289.86,1332.07,73.8,245.29,4619.7,4669.76,474.78,471,495.98,487.69,494.06,279.93,0,0,286597,2799.42,49588
3/31/2025 0:00,84462.75,929,2233.86,582.91,5741.41,5679.05,5342.28,5669.2,5482.9,6482.36,745.49,2456.42,5694.39,5156.87,1940.28,1300.8,5292.37,2741.08,15052,1505.46,4658.55,2561.54,283.93,2893.98,294.52,56313.43713,0,54685.5,5832.27,1972.68,13495.9,320.74,465.18,5684.78,4292.33,1431,2484.65,1374.87,5436.21,274.98,4346.63,4361.05,608.89,605,591.87,586.44,591.96,312.92,0,0,519422,2265.31,35043
4/1/2025 0:00,25327.11,1101,1796.36,590.21,5801.43,6100.12,5868.29,6142.91,5961.66,6276.31,1121.2,3704.39,6071.81,5678.75,2239.95,1553.78,5906.52,2577.35,15968,1728.57,5540.53,2856.74,553.17,3857.58,365.75,113817.2622,1887.01,58776.7,6269.96,2954.47,14402.7,354.67,548.71,6232.1,5929.67,1288.17,2274.74,1563.81,5604.56,294.41,5676.98,5834.1,621.98,618,554.42,548.2,557.99,338.76,0,0,606777,3850.5,98473.29981
4/2/2025 0:00,112805.98,1074,1962.44,530.95,5179.49,5056.44,4814.09,5302.71,5034.87,6674.66,1000.22,3298.76,5368.07,4967.34,1690.57,1180.52,5067.15,2953.3,8968,1512.91,4858.51,2787.62,481.69,3636.67,344.28,142465.3755,1858.26,58694.4,5186.5,2849.85,7991.4,317.02,490.49,5386.81,4718.63,1545.76,2685.43,1269.01,5035,253.78,5092.99,5218.26,553.81,546,535.93,526.8,533.55,297.57,0,0,477918,4049.15,91563.00012
4/3/2025 0:00,142288.61,880,1218.23,372.2,3746.57,4672.53,4457.62,4714.73,4557.24,5931.99,906.67,2981.85,4862.87,3600.9,1983.48,1422.49,4989.51,2365.62,11475,1442.47,5202.33,2382.89,516.28,2563.96,321.76,137621.4233,1171.61,45600.7,4709.21,2143.7,14056.9,292.99,514.38,4798.35,4587.5,1406.93,2443.08,1342.88,4216.37,235.92,3779.24,3722.69,372.56,378,251.28,249.5,252.48,273.31,0,0,362060,3141.25,129918.9003
4/4/2025 0:00,151201.52,1115,2010.65,568.17,5617.53,5899.85,5642.21,5972.69,5755.06,4404.01,1103.21,3032.29,1692.22,5119.04,2208.07,1508.2,4587.39,2655.05,11207,1696.47,4680.65,2629.74,464.31,3415.54,347.81,137243.4268,1903.41,58159.9,6088.32,2997.53,14440,345.12,463.6,6034.99,5745.95,1349.73,2393.78,1430.85,5245.55,289.51,5098.51,5271.88,607.09,612,592.56,585.83,592.64,335.99,0,0,606241,1635.36,123700.6002
4/5/2025 0:00,69911.98,347,645.36,161.17,1701.37,1533.02,1547.72,1566.55,1570.55,2101.63,334.15,1096.6,1922.85,1459.23,211.27,366.04,1632.1,1123.89,1265,472.16,1791.5,592.78,178.45,950.54,125.67,146026.1411,615.76,18374.7,1599.21,751.89,1658.6,100.53,177.31,1581.94,1536.95,524.85,967.37,194.21,1637.61,87.8,1519.18,1517.67,165.53,167,216.7,213.38,215.61,89.49,0,0,176880,3779.43,41591.49989
4/6/2025 0:00,133049.87,1305,2326.98,639.93,6193.28,6553.05,6174.88,6523.08,6347.4,4891.85,1220.83,3951.9,3434.05,6099.69,2334.63,1657.38,5718.16,3148.52,11994,1861.19,5239.22,3154.45,510.54,2176.6,404.4,46115.53931,2278.94,64305.9,6697.49,3159.89,15875.7,379.98,513.59,6470.04,6448.98,1732.49,2885.28,1618.27,6294.1,319.34,6250.62,6260.04,672.09,667,648.07,643.28,648.41,370.86,0,0,435760,3086.24,109615.1997
4/7/2025 0:00,147390.83,1243,2285.25,599.74,5800.55,6093.15,5801.95,6265.31,6028.09,6733.47,1174.87,3833.43,6175.73,5732.85,2236.13,1544.87,5871.24,2899.52,12228,1803.36,5615.72,3069.69,554.25,4110.55,373.75,125497.1455,2167.14,61527.8,6208.31,3045.73,14730.9,371.41,553.66,3193.7,5869.49,1493.09,2555.5,1563.58,5957.6,300.45,4008.86,3425.7,632.27,631,615.08,605.89,615.86,356.71,0,0,624100,1809.23,113500.6002
4/8/2025 0:00,146961.74,1165,2060.92,586.38,5626.6,6086.27,5935.56,6024.37,5915.44,6658.64,1113.11,3643.14,5891.1,4689.13,2211.89,1580.3,5640.75,2813.32,16911,1714.2,5380.28,2878.81,536.11,3931.78,364.42,151669.2832,2031.43,57906.7,6272.62,2821.64,15368.6,345.74,535,6021.45,6015.72,1482.97,2572.54,1988.24,4862.02,299.95,5801.64,5770.64,613.14,611,585.59,581.25,590.16,339.16,0,0,620950,1715.4,116985.7001
4/9/2025 0:00,120281.19,900,1584.09,444.79,4297.67,4431.04,4194.65,4654.88,4465.58,4753.63,901.65,2958.47,4593.7,4336.92,1293.24,983.82,4230.18,1965.59,9280,1347.39,3974.11,2431.43,394.93,3012.49,299.93,141160.9883,1566.22,49590.6,4560.05,2393.08,8493.3,288.44,396.1,4743.91,4224.06,1019.66,1785.37,1176.21,4547.79,233.72,4387.38,4470.54,463.27,461,468.84,463.29,467.9,267.7,0,0,392930,2304.52,116450.1996
4/10/2025 0:00,32122.7,1037,1835.47,464.1,4239.23,5224.75,5165.06,4984.47,4970.84,6197.41,962.26,3163.7,4746.68,4648.98,1486.88,1323.85,4141.92,2663.87,16760,1411.92,3862.72,2779.92,380.67,3381.39,377.42,119688.8042,1837.6,58538.2,5420.45,2840.39,15198.4,294.1,377.69,4951.68,5326.36,1398.51,2351.24,1656.71,4878.89,252.75,5775.74,5728.23,481.22,483,506.1,501.7,508.44,280.41,0,0,520850,3753.7,100444.1002
4/11/2025 0:00,147129.69,1217,2153.6,601.13,5755,6145.94,5892.08,6245.31,6069.38,6730.43,1146.65,3748.42,6172.64,5736.59,2265.46,1401.72,5825.86,2774.17,16507,1789.33,5602.75,3024.03,559.05,4095.95,371.73,64562.95435,1559,61018.7,6313.05,3011.91,14805.2,363.85,552.9,6325.48,5994.29,1440.38,2520.39,2002,5913.62,301.38,5742.67,5838.46,633.6,633,620.06,611.45,625.27,355.77,0,0,616220,2415.3,123619.0004
4/12/2025 0:00,54758.91,387,662.01,188.39,1797.79,1895.7,1863.78,1978.75,1944.89,1101.17,377.67,1221.65,1957.33,1714.31,683.99,556.2,3136.15,529.84,6476,577.88,3192.43,1019.91,316.16,1347.33,110.19,149174.9087,693.43,16669.8,1960.52,1059.65,5734.5,114.92,317.63,2121.06,1850.64,208.47,395.04,518.83,1948.67,105.62,1993.44,1983.48,195.37,195,175.43,174.34,173.99,110.08,0,0,199810,4150.26,46840.30001
4/13/2025 0:00,116838.12,905,1627.46,496.38,4942.18,4629.68,4448.87,4723.22,4539.29,5565.25,900.22,2449.92,5342.82,4439.12,2061.36,1200.42,4475.94,2597.71,10960,1363.88,4081.23,2074.54,407.59,2896.69,302.65,58009.81982,1597.5,53472.8,4769.05,2254.5,9552.7,277.37,406.23,5024.76,4579.6,1419.93,2352.95,1303.27,4247.54,242.24,4736.61,4681.04,520.7,513,554.33,543.8,552.75,252.75,0,0,436320,1829.18,53631.99989
4/14/2025 0:00,56676.72,518,834.77,228.57,2802.39,2197.18,2062.14,2450.49,2340.77,6417.09,531.1,1779.27,2461.64,2341.09,534.98,527.56,1974.68,2986.67,5441,737.53,2514.96,1542.56,249.15,1594.45,206.08,115787.2422,855.35,36075.6,2253.69,1522.41,4729.6,159.88,250.24,2482.26,2013.22,1602.79,2745.22,481.09,2495.91,125.7,2597.02,2648.71,240.87,235,339.54,329.77,332.81,145.14,0,0,215670,3177.89,149325.5003
4/15/2025 0:00,126783.55,1277,2230.82,658.35,6361.16,6298.95,6058.84,6279.59,6032.62,7643.44,1221.79,4020.54,6348.01,5997.99,2142.65,1604.6,4846.45,3122.37,18624,1811.27,5413.78,2730.64,544.72,4073.17,420.59,97729.02271,2216.13,63421.7,6449.2,2529.22,16355,360.39,540.77,6280.87,6277.94,1658.67,2884.36,1927.12,6206.5,321.64,6474.29,6438.08,683.27,674,675.69,663.08,677.6,368.9,0,0,687250,2280.29,148137.1996
4/16/2025 0:00,135692.59,1150,1890.19,518.15,4854.26,5319.21,5094.49,5594.85,5355.51,6430.12,1057.57,3593.9,5561.13,5125.63,2064.11,1439.47,5320.79,2666.46,15460,1629.89,5227.46,2720.92,512.63,3510.19,294.18,125397.145,1983.75,50538.7,5421.86,2713.91,13792.6,333.21,510.33,5642.07,5160.71,1444.3,2431.05,1790.04,5367.03,282.08,4906.79,4971.17,547.8,547,515.54,510.57,513.34,316.7,0,0,543910,4003.29,147551.3004
4/17/2025 0:00,116606.86,1175,1946.77,523.93,5054.92,5726.5,5553.29,5790.09,5600.15,1126.74,1125.6,3821.09,5962.82,5419.47,2068.82,1343.42,4809.53,521.73,13436,1663.67,4701.99,1545.04,468.96,3588.12,354.16,137740.623,2019.78,51383.5,5810.09,2701.42,11782.8,344.82,468.6,6032.67,5576.4,130.75,277.74,1736.5,5742.44,300.55,5308.21,5299.85,549.36,554,389.31,384.75,390.62,322.02,0,0,566050,3323.9,130493.5007
4/18/2025 0:00,135636.25,1174,1945.99,412.36,4856.03,5388.32,5177.54,5462.87,5351.88,1617.18,1062.15,3619.08,5312.79,5068.42,2027.52,1290.56,4982.89,1054.8,15555,1617.97,4892.55,2565.19,487.8,3622.77,276.42,126695.1338,1521,54622.3,5545.54,2486.13,13712.7,318.99,481.67,5418.98,5263.33,436.33,799.7,1923.37,5337.82,285.3,4475.07,4448.81,434.9,436,236.09,231.26,233.66,307.7,0,0,548310,3634.63,120988.7998
4/19/2025 0:00,136594.58,821,1657.66,335.76,3090.41,4147.24,4037.94,4274.83,4091.08,1421.88,769.5,2599.05,3449.33,3837.9,1170.49,1049.92,3714.34,1469.57,5064,1040.51,3869.72,1536.08,380.06,2823.69,259.85,137348.627,1050,41897.6,4205.75,1894.69,4492.5,236.52,169.4,4224.58,4029.97,561.16,930.6,1033.83,4103.49,226.28,3908.4,3996.1,350.98,353,296.46,285.09,293.51,221.79,0,0,272530,2523.56,72494.29998
4/20/2025 0:00,39270.01,525,801.81,328.48,3157.95,1621.19,3277.2,3303.97,3204.29,2648.05,668.06,2222.55,3228.81,2919.47,1349.11,847.37,1082.71,1110.9,16997,1062.11,1687.97,820.88,167.81,1465.27,139.04,77383.22656,688,20832.8,3385.61,1101.29,14881.7,207.61,162.55,3550.72,3330.64,523.41,946.43,1205.45,3058.83,178.78,2035.23,1999.76,352.92,356,354.16,352.97,354.57,184.72,0,0,292120,3353.95,97446.70014
4/21/2025 0:00,130019.48,900,1664.4,537.8,4430.5,888.41,4966.97,5283.57,5136.55,6708.32,980.89,3407.24,5440.02,5174.22,1449.89,1169.61,4511.16,2914.57,10855,1620.76,5073.99,2173.74,505.33,3533.17,263.6,35748.84241,1268.92,34688.3,5276.74,1562.05,9649.1,318.31,494.64,5535.99,5040.97,1374.8,2385.62,1323.96,5086.94,279,5292.51,5212.18,575.34,571,613.75,604.11,606.2,300.41,0,0,525270,2622.36,134273.8999
4/22/2025 0:00,26633.4,351,535.24,111.06,920.24,766.21,772.57,785.41,794.06,1189.97,213.53,712.02,723.71,789.07,238.04,333.46,571.39,466.3,3794,240.15,921.79,342.49,92.06,670.5,35.65,119823.2026,661.8,6234.6,799.21,335.03,3384.1,53.77,90.35,851.38,773.26,210.25,404.5,181.16,1084.06,46.37,760.38,717.54,109.54,108,105.98,104.92,104.84,45.9,0,0,100100,220.73,142117.7002
4/23/2025 0:00,22338.75,886,1245.73,404.8,3831.5,3962.7,3951.05,3940.66,3908.14,2143.83,867.88,2943.27,3860.63,3355.77,1639.85,806.09,4637,1577.16,17778,1206.68,4832.57,1828.64,483.73,2140.62,148.11,17990.21997,1527.62,19883.1,4062.83,970.27,15607.1,258.1,483.14,4082.96,3914.19,737.83,1304.46,1238.09,3864.66,219.12,2130.67,2106.14,429,433,459.24,449,453.53,229.75,0,0,597820,276.74,106197.8998
4/24/2025 0:00,147850.53,1271,2246.75,595.29,5657.9,6019.39,5790.73,6164.4,5959.25,7278.36,1202.24,3927.49,6098.45,5650.67,2141.9,1176.19,5511.5,2981.64,17050,1811.47,5415.28,3049.54,536.06,3989.99,360.12,45964.74048,2203.33,59241.5,6164.46,3003.3,15013.4,369.12,533.28,6276.56,5810.26,1596.65,2742.8,2063.58,6000.96,312.27,5660.86,5668.78,626.9,615,617.82,602.24,608.29,359.37,0,0,614870,0,104247.5999
4/25/2025 0:00,72472.45,1307,2191.31,618.77,5790.78,6696.72,6616.89,6595.14,6493.56,6167.52,1255.86,4291.66,6405.59,6024.96,2409.31,1384.92,5902,2653.39,19490,1900.87,5807.92,3107.63,582.25,4149.9,384.07,61096.58911,2289.44,57211.4,6849.84,7.51,17216.6,377.69,571.78,6467.61,6685.2,1397.69,2374.49,2210.74,6465.59,347.03,6258,6153.45,651.7,648,646.85,639.16,652.46,373.63,0,0,692678,2634.35,75149.10013
4/26/2025 0:00,11273.53,1362,2220.7,637.62,6165.73,6502.12,6216.7,6564.3,6414.79,5027.37,1267.05,2596.88,6456.83,6060.66,2359.56,1323.05,5862.53,3108.68,18274,1905.19,5894.07,3189.59,585.8,4303.96,399.53,150588.4932,2343.5,63875.8,6652.14,0,16222,388.2,580.68,6577.64,6351.32,1689.59,2869.12,2079.41,3956.36,338.52,6336.83,6315.45,674.84,661,669.11,660.9,665.44,376.1,0,0,505041,2218.41,45589.7998
4/27/2025 0:00,9170.48,1146,1841.72,513.44,4820.4,5461.25,5324.01,5531.18,5403.1,4145.19,1070.49,3651.15,5205.08,3164.77,2101.17,1138.11,2061.86,1990.36,13810,1600.39,3935.55,2913.74,395.25,3258.75,289.69,138523.0156,1967.62,49418.2,5593.59,2649.7,12093.1,325.32,402.68,5527.26,5325.18,1025.89,1790.11,1839.26,5395.15,294.6,2988.47,2673.28,551.51,546,528.95,518.24,525.53,316.94,0,0,548100,2509.33,134868.6003
4/28/2025 0:00,39352.5,1374,2321.39,650.71,6163.34,6680.41,6606.1,6729.77,6652.11,5041.47,1282.04,4358.64,5449.31,6221.25,2330.82,1321.33,5717.5,2847.2,19242,1910.56,5809.9,3173.81,583.06,4367.04,412.62,134755.4517,2394.93,62729,6862,2332.15,16949.6,384.98,572.75,5693.42,6722.99,1570.41,2560.91,2326.67,6616.33,353.36,6393.03,6351.95,679.93,672,696.21,687.7,699.51,383.76,0,0,660434,2370.88,39999.10004
4/29/2025 0:00,10808.8,1370,2227.71,630.72,6039.49,6481.27,6286.57,6606.22,6494.86,7313.5,1284.43,4370.28,6577.02,6092.28,2369.4,1335.5,5843.31,3143.23,18752,1903,5886.97,3252.08,591.13,3519.96,400.84,140697.3936,2374.5,63940.6,6657.58,3158.12,16674.4,390.63,579.99,6630.43,6448.93,1713.76,2907.96,2293.95,5524.57,342.55,6365.47,6359.31,666.31,657,690.4,674.34,688.81,379.14,0,0,598522,4025.26,135474.1001
4/30/2025 0:00,125498.45,1356,2183.05,633.45,6106.55,6565.63,6432.24,6603.55,6442.01,7436.86,1268.14,4317.53,6511.29,6023.3,2334.45,1299.33,5570.09,3081.86,19063,1874.13,5767.57,3171.11,573.24,4265.11,402.73,162201.5791,2334.48,63302.7,6649.5,3201.54,16795.8,388.3,561.02,6633.56,6454.35,1632.68,2785.88,2254.07,6465.51,345.21,6370.3,6361.69,674.1,668,686.9,675.89,682.6,376.58,0,0,682924,3278.64,138286.0995
5/1/2025 0:00,48647.12,353,464.49,110.97,924.66,852.69,830.45,908.33,882.41,477.31,347.87,1156.24,1138.44,755.69,218.8,309.24,2083.5,270.76,2933,390.89,1928.13,889.19,194.02,660.65,63.8,159439.605,629.34,11750.4,877.57,506.03,2593.3,75.29,193.12,973.87,828.2,112.57,233.28,241.22,1038.87,50.2,707.81,789.09,111.42,110,117.4,117.13,117.8,77.14,0,0,101434,1860.04,94015.30008
5/2/2025 0:00,11637.65,1422,2418.01,664.55,6310.81,6699.99,6557.82,6833.48,6686.36,7375.18,1311.75,4388.8,6847.8,6330.12,2206.04,1280.43,5855.42,3207.55,14204,1956.68,5953.92,3334.08,596.21,4500.73,423.99,34912.85107,2491.83,59801.57,6866.64,3297.71,12602.4,402.94,587.62,6852.33,6522.74,1738.87,2965.8,2362.38,6762.06,355.47,6531.04,6496.03,691.79,682,700.24,692.94,700.23,393.13,0,10.98,455521,3496.96,143950.1998
5/3/2025 0:00,10654.95,349,448.2,199.13,2234,2222.32,2255.04,2061.22,2126.26,2133.01,306.83,975.44,2017.59,1840.93,782.2,461.83,1073.41,1372.57,10007,608.34,1207.65,594.98,119.35,992.65,147.51,165670.7437,611.05,15116.5,2310.44,746.5,8885.8,105.27,116.16,1901.18,2362.03,705.3,1252.54,464.38,2046.29,115,2062.9,1978.65,213.53,218,255.43,255.86,258.16,112.95,0,811.23,345741,4158.53,106829.8999
5/4/2025 0:00,156945.01,1405,2255.14,650.61,6313.55,6837.86,6796.1,6853.35,6758.89,5655.35,1323.82,2204.46,6733.49,6309.47,2401.11,1363.53,5918.79,3266.63,19527,1943.1,2224.41,3266.2,595.99,4432.8,426.8,46522.7345,2436.98,58434,5680.31,3177.32,17210.6,402.54,584.7,2163.04,6806.5,1738.42,2729.32,2359.4,6771.37,355.6,2473.08,1938.75,671.95,665,701.96,689.89,700.9,391.06,0,5617.07,448289,3017.95,128710.9998
5/5/2025 0:00,108631.2,347,503.27,169.88,1630.72,1757.09,1725.55,1837.88,1800.07,2034.66,367.2,1198.03,1831.86,1623.48,449.23,379.01,2177.35,711.58,4949,553.23,2489.3,1090.65,249.88,990.99,113.46,150695.6938,614.42,17119.1,1800.95,879.29,4341.9,112.65,250.9,0,1709.24,329.9,632.45,364.29,1830.37,100.92,1779.91,1790.08,174.79,174,175.38,173.63,174.84,105.47,0,3261.54,165583,2180.53,136218.4001
5/6/2025 0:00,61095.61,375,541.89,186.28,1912.91,2374.03,2384.06,2237.66,2288.83,2329.58,388.17,1293.62,2032.16,1831.75,737.7,641.57,1392.19,1179.01,10801,637.11,2407.7,641.69,239.81,999.5,126.66,50933.89087,674.14,12462.2,2462.14,499.8,9576.2,112.15,234.07,0,2513.98,544.49,990.52,543.19,2159.34,127.54,2107.67,1967.64,198.57,202,219.81,217.97,224.53,120.42,0,1269.66,283599,4026.29,124602.2997
5/7/2025 0:00,149568.03,1299,2077.24,600.96,5694.78,6205.59,6122.14,6293.75,6232.97,6658.75,1223.48,4073.24,6148.51,5759.37,2339.71,1298.99,5099.25,2997.87,18148,1801.58,4835.86,3045.42,475.6,4038.39,371.83,36890.03113,2258.18,51818,6380.55,2874.57,16062,374.78,470.41,0,6110.72,1616.53,2733.77,2219.82,6204.31,331.79,5885.61,5901.55,623.38,618,642.05,635.02,644.07,357.32,0,243.21,655677,3327.91,14936.10008
5/8/2025 0:00,10071.58,1247,1991.77,564.44,5590.69,5761.15,5649.77,6006.07,5881.2,6301.47,1163.94,3882.04,5970.61,5536.3,2066.06,1155.35,5415.4,2546.86,16465,1730.85,5508.89,2982.17,550.65,3942.81,361.58,124988.75,2172.91,52962.2,5918.87,2856.58,15134.2,363.61,547.2,0,5543.74,1385.55,2332.11,2030.67,5915.7,313.72,5549.76,5690,596.1,589,597.25,591.36,592.96,343.6,0,0,587030,2177.05,24781.9
5/9/2025 0:00,18702.17,336,346.63,63.22,471.01,551.84,557.68,568.08,570.18,234.82,197.61,635.88,519.69,481.12,107.48,173.03,514.59,92.2,2882,186.21,609.68,255.01,60.5,904.65,61.56,148292.9175,619.9,3036.1,571.53,274.77,2586.3,51.65,58.27,0,551.17,31.61,26.95,93.01,766.92,32.97,585.04,575.88,57.2,58,75.64,74.39,75.68,41.35,0,129.79,74570,3419.5,102911
5/10/2025 0:00,106578.87,230,381.5,185.52,2730.24,1310.85,1316.13,1333.72,1321.98,2730.57,234.04,777.38,1426.14,1616.38,141.34,181.09,1614.84,1751.45,2418,388.44,1119.02,366.02,111.66,865.23,91.46,16130.63861,398.94,22350.6,1360.99,557.16,2682.9,83.18,109.28,0,1339.53,982.2,1614.39,440.4,1840.01,75.09,1965.76,1938.01,204.55,206,273.62,267.93,271.53,70.8,0,3096.53,322520,2435.03,33185.29999
5/11/2025 0:00,39615.82,1011,1550.19,496.24,4808.64,5259.94,5326.17,5153.65,5134.02,4920.59,956.72,3267.81,3361.94,4633.99,1579.11,1026.07,3730.28,2062.89,10104,1428.71,2726.16,2354.2,274.93,2895.47,269.53,57133.82861,1742.94,43328.6,5359.5,2135.44,13357.9,284.51,260.99,0,5449.46,1148.31,1949.77,1268.18,3490.62,286.66,5303.55,5214.6,523.3,527,562.57,557.88,562.3,291.55,0,2572.312,518710,3831.57,17476.20001
5/12/2025 0:00,130117.54,1314,2045.45,610.96,5888.48,6382.95,6323.52,6274.13,6320.71,7121.65,1278.1,4323.21,6279.37,5814.28,2348.7,1302.3,5765.31,2989.38,14193,1764.3,5840.66,3183.41,584.09,4229.66,395.4,115295.646,2271.81,55265.6,6542.76,99.91,16660,360.61,569.24,0,6460.79,1582.4,2635.2,1962.45,6330.82,341.97,6308.1,6327.53,644.79,648,674.84,659.53,670.52,347.3,0,5273.33,669030,2944.16,77120
5/13/2025 0:00,12043.76,1271,1952.23,566.04,5664.64,5905.43,5839.67,5951.9,5904.41,7291.14,1166.85,3931.37,5889.14,5529.02,1847.14,986.64,5218.6,2981.36,16460,1717.18,5156.18,2691.52,514.96,3872.71,361.32,163615.564,2209.24,51265.35,6042.94,2713.75,14793.7,354.71,511.89,4305.85,5920.83,1627.21,2559.3,1819.89,6033.84,323.79,5942.49,5934.45,599.16,595,645.56,636.95,641.46,341.32,0,4747.03,604210,2429.02,150819.7
5/14/2025 0:00,136180.69,1185,1933.79,550.31,5290.41,5457.42,5288.61,5671.91,5538.8,4199.19,1111.31,3770.9,5724.5,5111.7,2203.46,1230.99,5560.67,1929.78,16184,1686.49,5736.17,2864.85,568.15,3695.3,328.75,148528.5146,2071.33,52920.1,5559.28,2690.43,15044.9,351.58,565.15,5840.91,5297.34,912.74,1466.26,1953.83,5617.6,299.15,5415.17,5463.38,577.9,573,545.44,536.79,541.08,336.79,145.7,5400.12,594223,1937.17,151374
5/15/2025 0:00,115188.98,204,379.72,87.58,667.6,1128.34,1143.44,1153.1,1147.62,800.71,258.27,852.39,989.77,1020.73,560.81,428.27,2526.79,1041.8,5809,388,2308.35,371.6,227.6,547.8,50.61,137570.6255,371.02,5785.9,1161.96,494.75,5279.7,76.69,221.13,1291.27,1136.76,470.58,843.56,321.69,1181.03,66.07,532.62,522.26,92.07,92,84.24,82.13,84.43,75.93,371.6,1170.68,174961,1566.21,151438.5
5/16/2025 0:00,61838.02,275,334.95,119.38,849.86,1206.17,1217.25,1226.65,1221.23,445.64,241.16,818,1261.67,1091.74,228.75,249.59,963.94,180.06,3483,345.87,1421.7,293.01,139.93,534.37,44.55,16798.23193,489.48,2886,1238.54,337.01,3135,71.12,137.49,1253.78,1163.74,47.16,110.86,240.37,1315.97,69.14,805.97,792.87,118.43,120,65.9,65.53,67.3,68.46,0,942.6,92589,4115.47,147682.1
5/17/2025 0:00,16662.46,834,1491.88,391.33,4005.57,3863.13,3846.98,3875.28,3855.14,7113.71,806.98,2741.43,3943.77,3573.24,1841.46,933.62,4798.69,1973.62,12455,1102.08,4712.22,1974.71,468.42,2496.05,297.31,20693.79321,1449.9,42534.8,3908.57,2008.02,11208.1,232.42,467.95,3748.02,3859.56,0,2113.33,1210.24,4034.38,214.34,3933.07,3870.6,432.28,440,432.05,432.26,431.49,220.31,0,4767.79,418139,3290.72,147264.1
5/18/2025 0:00,37464.69,1314,2113.42,622.58,6026.64,6490.36,6472.41,6518.84,6451.47,5057.79,1284.78,4394.27,6374.64,5770.87,2348,1234.01,4234.61,2286.98,16756,0,5006.05,3240.74,492.14,2413.69,412.01,133565.0645,2270.36,62312.4,6618.88,2879.81,15344.5,368.71,477.78,6491.78,6463.25,134.57,2105.67,1910.16,6282.99,352.66,3656.75,2979.18,650.19,645,687.54,673.85,681.72,371.67,0,5038.28,698208,977.52,141587.2
5/19/2025 0:00,76667.87,1013,1242.49,545.07,4699.97,4258.58,4220.7,4424.46,4299.39,5198.66,969.06,3312.44,4435.14,4015.13,705.81,703.76,5341.67,2798.13,9239,696.81,5484.44,2562.98,543.66,2585.07,277.16,113511.2644,1760.89,45820.8,4370.36,2259.05,8371.5,272.96,542.66,5438.7,4211.67,1405.69,2382.29,893.91,4581.33,245.77,2418.34,2515.08,564.89,566,536.83,530.33,532.26,264.57,408,5309.37,565492,1845.05,131148.5
5/20/2025 0:00,61999.54,558,1039.28,205.86,1785.48,1848.41,1845.22,1852.51,1862.09,1559.22,589.48,1933.45,2172.95,2134.92,1150.62,783.44,5283.93,1125.42,7103,650.7,5540.16,2463.59,548.8,1494.45,173.85,137841.4219,990.88,19878.6,1880.36,1010.3,6257.9,149.96,536.75,1951.86,1846.67,399.14,715.89,423.89,2467.39,103.23,2124.33,2155.51,226.03,230,223.78,224.06,224.4,126.55,2147.2,5062.84,213661,2455.96,147633.7
5/21/2025 0:00,10712.89,533,696.27,249.09,1943.79,2687.42,2648.11,2845.83,2775.75,1024.39,533.01,1830.73,2733.15,2224.64,1154.73,732.94,3743.88,358.28,14989,803.8,4202.67,1197.04,413.29,1418.8,137.39,85976.34009,924.81,13735.7,2738.34,1012.31,13608.6,154.71,419.19,2955.88,2609.05,116.88,279.32,754.99,2470.64,154.52,1897.87,1830.26,253.29,249,203.52,201.54,203.49,155.61,1344.4,3294.94,331163,3648.84,120963.6
5/22/2025 0:00,91629.24,0,1180.76,359.82,4021.15,3925.37,3814.21,4070.07,4050.49,4528.03,811.85,2653.04,3394.36,3018.68,610.06,524.5,1527.2,2612.44,8567,1194.78,1254.43,1773.66,126.05,2748.18,276.1,57516.62524,0,41667.3,3985.35,2214.64,7801.7,231.13,119.82,4097.2,3792.4,1414.23,2343.63,942.2,3538.45,224.57,3717.62,3838.28,391.34,396,524.09,518.01,520.81,214.76,1069.5,2202.35,246080,2514.3,138476.2
5/23/2025 0:00,93334.37,0,588.49,182.38,1905.58,2470.61,2500.57,2499.98,2563.64,1448.03,475.38,1626.36,2306.12,2055.14,712.01,590.63,3449.11,473.64,6449,732.38,3880.02,1552.01,382.99,1090.98,103.21,103074.1689,0,16828.5,2557.11,1206.2,5933.5,145.05,380.54,2599.55,2461.92,280.51,546.11,726.47,2361.97,138.6,1901.77,1895.6,194.55,195,190.58,188.57,188.97,138.69,1269.7,3009.21,249371,3934.59,129324.9
5/24/2025 0:00,20539.64,0,915.1,246.81,2473.87,2263.84,2276.38,2284.76,2338.33,4230.77,531.69,1836.28,2478.27,2686.58,504.12,414.56,1057.39,1761.81,8958,714.83,1215.94,1201.83,120.42,1943.93,183.16,70730.49243,0,27423.6,2338.31,1681.25,8055,158.39,118.88,2199.35,2242.85,922.08,1510.79,549.54,2942.35,125.11,3468.49,3465.58,252.78,256,285,285.01,287.22,139.63,384.8,678.63,241966,4088.36,77725.4
5/25/2025 0:00,7480.49,0,2046.37,606.98,5942.51,6405.36,6202.53,6460.03,6603.19,6010.29,1259.98,4324.6,3810.91,3608.63,2277.1,1274.09,5318.88,2943.82,17598,1801.66,4993.05,3093.2,498.54,4172.6,388.88,52457.4751,0,60977.4,6563.77,3256.93,16036.8,381.16,482.75,6358.31,6342.88,1582.56,2725.1,2273.93,4056.11,338.69,6248.88,6215.38,629.73,619,674.08,670.53,682.68,367.09,2294.7,5214.67,669942,3997.91,7239.1
5/26/2025 0:00,68308.51,0,1943.87,563.99,5716.14,5475.13,5466.46,5453.54,5607.67,7064.2,1111.67,3790.34,5629.6,5417.18,2227.33,1222.08,5446.79,2859.46,17435,1550.39,5828.03,2810.31,583.14,3938.5,367.32,152346.8765,0,54705.8,5642.63,2957.4,15456,330.37,569.33,5446.26,5514.28,1526.88,2576.26,1835.92,5859.19,296.68,5742.42,5699.3,586.09,585,632.26,627.63,630.15,314.07,1929.5,4722.1,629394,4123.04,0
5/27/2025 0:00,63132.29,0,1955.61,569.64,5605.25,5947.32,5991.17,6070.91,6190.38,7026.38,1171.7,4060.26,5911.69,5547.07,2217.48,1176.38,5153.8,2826.17,15514,1698.85,5546.71,2901.71,558.42,3921.11,368.33,143238.1685,0,57212.7,6199.41,3071.32,14533.7,356.42,549.9,6017.76,5991.61,1570.03,2628.81,2081.75,6026.33,332.92,5921.18,5903,589.41,586,640.66,623.26,638.83,345.07,1846.6,5134.76,610990,3314.01,274482.1
5/28/2025 0:00,9526.52,0,1963.05,577.42,5581.48,6054.32,5976.5,6102.62,6183,5601.67,1146.36,3929.45,5949.59,5619.77,2265.54,1211.54,4945.43,2228.88,14782,1674.53,4973.42,2394.64,487.92,3911.27,359.23,148888.1104,0,57250.6,6170.06,1729.05,14065.4,361.93,490.94,6056.44,6045.7,1217.28,2028.2,2162.33,5997.28,335.32,5150.14,5214.71,598.06,597,629.77,621.5,629.34,346.13,2006.8,4199.93,646303,3339.62,88640.8
5/29/2025 0:00,39604.43,0,1918.98,578.5,5590.07,6011.1,6016.46,6056.44,6141.83,6686.38,1191.36,4072.44,5935.78,5467.14,2267.62,1213.33,4745.98,2853.19,16829,1681.18,0,2595.84,459.32,3889.11,350.92,146768.5322,0,52481.9,6196.9,3134.62,15259.4,352.89,448.33,6046.52,6006.2,1541.89,2607.83,2120.03,5996.8,334.15,5706.31,5663.42,593.66,586,643.11,633.95,643.67,341.12,2005.3,4442.05,637787,607.04,29098.8
5/30/2025 0:00,74133.63,0,1894.74,564.22,5401.82,5844.72,5808.67,5904.86,5985.05,6821.13,1134.74,3891.59,5802.6,5453.98,2150.42,1158.85,4905,2814.39,14958,1647.69,0,2659.56,563.28,3792,356.18,119624.4043,0,56347.8,6006.44,2860.82,14238.5,349.87,558.14,5887.07,5772.02,1556.9,2608.68,1932.8,5894.34,325.35,5640.55,5624.39,579.41,572,627.35,617.75,626.61,334.41,2303.5,5658.06,614035,2956.17,128813.7
5/31/2025 0:00,10106.04,0,1480.81,441.4,4181.52,4530.59,4532.86,4603.79,4633.56,5286.55,948.12,3235.11,4514.37,4220.75,1546.13,909.22,4720.13,2168.7,12191,1304.05,0,2314.98,510.08,2914.88,277.12,140259.397,0,44415.9,4617.88,2363.41,11240.6,274.55,507.96,4584.18,4500.51,975.22,1983.2,1226.53,4582.87,256.77,4522.46,4586.62,450.94,452,458.6,451.66,455.55,259.39,2060.6,4935.4,450411,2784.75,134047.7
6/1/2025 0:00,10770.34,0,1925.2,564,5555.5,5849.1,5731.5,5967.5,5978.3,5874,1124,3839,5751,5229,1838.43,1109,5220,2731.7,16350,1661.2,0,2898.7,561,3789.7,371,119841.2017,0,57185.2,5945.9,3049.1,15266.8,334.7,556,5927.9,5827.1,1406.7,2525.1,1402.6,5650.1,319.5,5855,5877.5,582.2,581,644.4,635.1,646.2,334.1,2183.3,5056.69,615264,3644.45,120929.1001
6/2/2025 0:00,36572.2,0,490.6,155,1642.3,1807.7,1794.7,1835,1853.9,2498,344,1155,1756,1606,466.7,419.7,1939,732.2,5861,512.8,0,842.8,180.4,1078.8,113.4,148356.1172,0,15384.4,1844.1,916.4,5197,104.7,179.1,1812.1,1816.4,489.5,907,384.9,1763.8,102,1805.2,1752.4,155.85,156,151.9,148.4,151.5,99.6,740.2,1826.55,167370,3751.46,121466.8998
6/3/2025 0:00,19605.36,0,2072.5,623,6148.1,6329.7,6206.4,6387.5,6432.2,7216,1275,4337,6004,5873,2172.59,1292.2,4103,2758.8,17306,1844.4,0,3134.6,567.2,4105.7,419.7,48028.71924,0,59933,6446.7,3196.8,16059.5,382,468.7,6374.7,6397.2,1639.8,2926.7,1573.4,6500.8,342.3,6627,6429.8,635.17,628,630.6,617.2,628.1,362.5,1965.8,4525.4,643707,1420.56,45789
6/4/2025 0:00,146723.52,0,2126.2,636,6175.7,6706.9,6613.1,6719.3,6802.3,4593,1326,4507,6565,6191,2195.2,1327.8,5488,2733.7,18434,1887,5252.8,3214.9,518.8,4283.7,416.1,162569.9751,0,55006.5,6817.8,3257.1,17270.5,391.2,509.6,6352.7,6798.7,1326.2,2395,1715.1,6854.9,361.6,6542.4,6374.2,654.17,648,706.3,690.8,708,383.8,2407.6,4564.7,705019,1982.53,43708.1
6/5/2025 0:00,151749.52,0,1955.8,599,5937.9,6277.4,6135,6453.9,6442.1,7411,1267,4279,6026,5693,2079.64,1232.5,5356,2984.4,16948,1789,5808.4,3062.9,567.1,4066.3,383.1,166373.1362,0,67539.5,6348.5,3139.7,15361.9,378.6,572.7,6304.4,6213.3,1566.1,2817.7,1588.3,6320.7,341.2,6089.6,6064.3,615.87,608,664.4,651.2,665.4,357.1,2308.6,4232.8,648990,1637.24,62541.3
6/6/2025 0:00,116033.99,0,912.6,303,2998.3,2899.9,2808.2,3052.6,3020.6,4973,560,1888,2879,2636,872.95,613.5,4210,1954.5,14055,0,3955.4,1299.6,388.4,1997,191.5,156179.2383,0,32636.6,2949,1509.8,12618.6,172,372.8,3049.7,2824,1036.9,1856,679.1,2887.2,163.6,3061.2,3077.1,307.54,308,340.5,333,339.9,161,1150.3,3132.54,242777,2568.61,80672.5
6/7/2025 0:00,107131.96,0,1741,505,4768.4,5764.1,5663.7,5903.6,5872,2444,1144,3842,5553,5129,2024.59,1200,4907,941.8,15647,0,5370.3,3040.8,522.1,3300.9,328.7,82064.37915,0,50707.1,5834.8,2842.7,13967.2,344.4,515.8,5839,5696.8,452.5,845.6,1496.3,5655.6,313.4,4888.6,4943.1,516.05,521,525.6,518.2,527.9,325.1,2225,5300.26,597102,4094.83,131053.2
6/8/2025 0:00,30127.37,0,1497.2,468,4653.6,5301.1,5281,5214.6,5306,1606,824,2761,4923,4679,1775.95,1006.4,4086,664.8,13869,4069.1,4681.2,2220.8,460,2870.8,272,134467.8552,0,40645,5395.8,2297.4,12247.5,292.8,439.7,4917,5396.1,235,472.1,1224.5,5037.9,283.2,5032.6,5024.7,490.13,498,472.5,467.4,476.8,284.6,1687.2,4213.53,396265,3403.98,132226.4
6/9/2025 0:00,20206.2,0,1506.2,455,4245.9,4945.5,4910.4,4903.6,4973.6,3917,906,3023,4610,4258,1828.36,1113.3,4828,1559.5,12140,1111.5,5354.9,2263.9,522.8,2919.4,227.1,101421.3865,0,37383.8,5029.8,2235,10986.3,274.3,508.4,4787,5010.5,731.2,1321.5,1361.8,4605.8,264.3,4520.8,4453.2,465.64,472,467.4,459.5,467.8,263.9,1596,3984.15,598624,2917.72,126254.8
6/10/2025 0:00,21513.02,0,1438.6,440,3868.5,4613.9,4481.4,4817.8,4812.6,2842,943,3148,4480,4211,1406.44,825.7,4183,1069.5,12158,1324.2,4773.2,2390.4,464.3,2803.5,241.1,98919.41113,0,24505.4,4661.2,2406,10360,276.9,467.1,4738.8,4486,556.1,1000.9,1227.6,4647,261.3,3883.6,3960.8,447.74,441,359.3,352.6,359.4,264.5,1839,3624.6,432645,2332.55,150620.9
6/11/2025 0:00,68466,0,2074.1,617,6143,6410.9,6314.1,6562.1,6593.1,5998,1261,4232,6299,5903,2122.69,1237.6,5594,2574.9,18240,1813.3,5920.3,3153.9,581.5,4112.6,405,111490.8848,0,61678.4,6480.4,3204,16376.7,386.2,575,6420.1,6318.1,1177,2104,1708.1,6529.3,346.8,6332.8,6328.6,628.14,624,712.5,695.3,715.5,367.9,2214.3,3639.13,704789,3370.4,149644.3
6/12/2025 0:00,67334.95,0,1389.7,424,3993.9,4963.2,4892.4,4959.3,5018.1,1470,982,3305,4580,4401,1848.81,1071.4,4779,594.9,14250,1380,5225.1,2202,509.9,2735.6,225.8,158992.8101,0,37169.5,5040.3,2110.3,12436,292.3,511.5,4821.5,4988.2,318,614,1264.4,4695,268.1,4003.8,4005.2,433.25,440,436.1,429.2,436.6,278,1522.2,3601.08,554011,3424.68,95525.1
6/13/2025 0:00,99371.65,0,625.6,188,1777,1922.4,1906.8,1947.3,1977.1,2748,395,1308,1962,1823,312,242.8,1911,1207.5,5532,561.5,2441.1,863.2,236.1,1225.9,131.9,94223.45825,0,17368.9,1960.7,863.6,4833.3,120.1,235.5,1894.7,1925.2,431.5,810.4,408.7,2068.1,108.9,1995.8,2025,188.87,190,200.7,198.7,200.8,109.3,822,1976.23,162069,3776.88,11341.6
6/14/2025 0:00,44129.18,0,464.8,239,3107.3,2958.3,2950.5,2831.2,2960,2849,374,1266,2857,2129,1097.48,317.9,3604,844,16033,844.1,3966.4,861.4,393,884.1,168.2,51700.28333,0,23931.6,3016.9,1086.5,14009.6,148.4,369.6,2739.4,3068.7,487.1,891.3,821,2463.5,156.6,2393.6,2378.2,236.92,242,349,347.3,355,156.2,560.4,1347.91,389874,2435.79,100559.2
6/15/2025 0:00,23751.11,0,1393,371,3693.5,4125.8,4015.7,4290.9,4282.8,1662,811,2774,3920,3458,1390.2,332.7,4797,818.5,0,1161.5,5016.6,2088.5,484.5,2281.3,215,51939.88074,0,34392.2,4167,2190.6,11569.2,265.1,479.3,4225.1,3982.3,288,533.2,1090.3,3971.6,226.7,3271.5,3328,389,385,288.3,281.6,287.4,225.1,1628.7,3566.97,482794,2297.8,150837.7
6/16/2025 0:00,61417.66,0,1214.6,240,3931.3,3791.7,3813.6,3584.1,3767.7,3784,600,2013,3513,3206,550.16,425.8,2730,1887.4,6033,1022.2,2883,1516.3,285,2141.1,262.7,104318.5566,0,42710.8,3808.1,1282.5,5140.2,194.4,270.4,3459.3,3872.8,950.4,1713.6,613.3,3184,202.4,2961,2827.2,242.7,249,502.3,493.6,504.6,216.6,815.4,1881.81,489221,2349.86,94292
6/17/2025 0:00,131473.01,0,1353.5,412,3922.2,4576.3,4592.7,4390.9,4558.5,5714,844,2868,5046,4298,1616.8,456.5,3390,2398.1,10570,1316.2,4186.9,2087.6,409.8,2179.6,271.2,77422.82568,0,42089.5,4646.7,1700.3,9287.9,276.3,394.6,3835.1,4710.3,1038,1884.5,0,5076.3,242.8,3959.9,3839.9,456.23,465,535,534,541.4,270.7,1827.7,4413.51,461579,2476.76,125137
6/18/2025 0:00,120044.92,0,1952.6,557,5693.9,6103.5,6073,6030.1,6178.5,7139,1185,3985,5886,5486,2007.58,690.3,5222,2038.3,12645,1685.5,5254.2,3049.5,513.6,3932.8,384,124911.9502,0,58299.9,6186.6,3042.1,15391,352.2,510,5863.9,6162.9,957.9,1681.5,0,6055.9,329.6,5949.6,5976.4,578.02,586,662.6,647.2,664.2,338.3,2229,5214.15,620362,2519.28,118005.1
6/19/2025 0:00,133916.12,0,1309.7,440,4277.2,5048.9,4985.3,4964.1,5068.9,2558,894,3034,4178,4498,1426.88,567.8,4278,1585.2,11610,1263.6,5043.2,1181.8,493.3,2818.9,214.8,156696.0332,0,17677.2,5096.6,1706,8371.4,276,489.6,4484.1,5051.7,532.7,975.4,3293.2,4931.7,274.2,2572.8,2618,468.15,477,431.8,425.4,430.9,257.2,1933.8,4499.35,555130,2907.7,135001.8
6/20/2025 0:00,125511.19,0,473.1,186,1503.9,1921.1,1895.2,1951.3,1976.4,1231,376,1272,2064,1653,77.28,70.1,965,522.7,2708,541,1230.8,721.6,121,948.5,153.7,68623.31372,0,14480.7,1945.3,662.4,1904.5,114.7,116.8,2080.8,1900.3,206.1,422.5,297.6,1835.9,108.7,1680.4,1653.4,182.36,184,137,134.3,138.1,104.3,784.9,1852.89,86092,1515.46,150756.8
6/21/2025 0:00,115474.61,0,267.1,56,751.5,488,487.3,496.9,507.6,461,129,392,598,513,64.35,45.5,595,319.9,3440,152,1392.6,412.3,135.2,343,27.4,44588.35461,0,7285.1,495.7,271.3,3159.4,37,133.6,592.7,482,109.2,249.5,43.8,572.2,28,559.4,535.8,55.66,56,52.3,50.5,53.6,29.4,321.5,876.76,56002,3046.07,146356.4
6/22/2025 0:00,90539.74,0,1438.8,444,4379,4788,4707.3,4763.3,4879.7,3292,924,3112,4571,4177,1795.08,287.3,5060,1496,18795,1303.7,5293.8,2274.1,517.2,2964.4,302.4,18591.01416,0,46049.8,4862.3,2314.7,17570.2,276.5,500.2,4704.3,4811.5,687.8,1239.3,1129.2,4588.7,263.6,4597.3,4586.7,456.94,461,494,485.7,494.3,261.8,1667.5,3732.48,534088,3534.05,136693
6/23/2025 0:00,39595.08,0,1833.8,612,5660.3,6411.3,6353.2,6401.1,6489.4,5165,1253,4228,5935,5695,2049.54,281.2,1592,1993.8,18147,1742.7,5742,3122,564.4,3667.8,375.7,117250.0269,0,57930.5,6476.6,3217,17487,367.3,558.6,6157,6418.1,1035.1,1832.6,1683.3,6188.5,347.6,5853,5864.9,618.12,620,622.6,612.9,625.7,352.3,2214.8,5164.93,681801,1677.03,128164.9
6/24/2025 0:00,40642.31,0,359.7,82,845,864.5,858.5,864.1,889.2,1307,329,1112,923,896,300.38,63.9,1783,794.6,6623,266.7,2401.3,467.6,235.8,2288,107.1,158711.6133,0,4380.6,877.7,402,6249.4,62.1,238.3,812.5,858.9,368.1,679.4,131.6,883.8,48.7,1454,1455.8,82.56,83,97.4,95.5,98.4,53.5,452,1093.37,92397,3455.63,858.8
6/25/2025 0:00,81274.54,0,1846.2,464,3972.7,5996.2,6014.8,5850,6022.5,5855,1160,3928,4600,5040,1164.09,337.6,2132,2435,2821,1545,1567.6,1875.4,153.8,3480.2,360.9,27056.12952,0,51452.4,6010.7,2636.2,2554.5,335.8,148.3,5830.7,5985.8,1205.9,2129.2,1148.6,5809.6,325.9,5888.2,5700.4,499.43,507,408,397.2,408.9,326.3,1425,2731.59,436072,3548.44,137874.2
6/26/2025 0:00,78461.54,0,1841.5,526,5328.8,5847.4,5833,5825.7,5938.5,7252,1150,3910,5452,5098,1983.4,433.2,3450,2856.9,12130,1607,2997.3,2994,290.3,3603.6,378.3,133248.667,0,57517.2,5909,3074.9,11673.2,344.9,288.3,5748,5855.7,1426.4,2550.32,1382.1,5743.5,320.8,5838.6,5795,545.26,551,630.8,619.3,632.4,321.5,2223.6,4829.53,544321,3682.97,134891.4
6/27/2025 0:00,118638.3,0,1790.6,568,5039.6,6181.4,6107.7,6124.2,6284.9,4882,1218,4124,5879,5552,1855.51,515.6,4807,2160.9,15457,1694.4,5157.6,2919.1,505.1,3946.7,365.3,152458.4756,0,47367.2,6238.7,2990.6,14507.3,360.8,488.7,5863.7,6177.3,740.2,1033.63,1503.9,6085,338.1,5340.6,5361.5,595.19,594,481.6,468,481.1,343.8,2145.3,4989.72,587818,3497.08,106285.1
6/28/2025 0:00,122182.61,0,1524.8,497,3789.8,6069.6,5999.4,6017.9,6128.1,5157,1158,3889,5718,4901,1830.76,582.8,3758,2173.4,6071,1564.6,3428.7,2366.8,336,3636.6,342.7,152845.6709,0,39851.8,6143.8,2412.5,5781.1,321.6,330.5,5738.1,6126,893.9,1244.92,1341.4,5703.3,334.1,5206.6,5130.1,504.05,509,257.1,249.5,254.4,314.6,2135.2,5005.11,450518,1702.17,0
6/29/2025 0:00,124484.57,0,1438.6,584,5439.7,6444.1,6370.4,6388.2,6516.4,6085,1216,4097,5937,5755,2079.42,613.7,4864,2852.7,12618,1689.2,5125.1,3048,501,3841.9,381.7,151580.8843,0,54834,6514.5,2785.7,11901.4,383.3,482.8,5925,6471.9,1266.5,1799.5,1385.6,6455,350.8,5808.8,5721.1,597.87,604,458,452.3,461.5,340.6,1911.5,4824.04,574353,3743.71,0
6/30/2025 0:00,127173.15,0,1376.1,566,5628.9,6039.8,5897.3,6044.4,6109.2,6064,1202,4005,5824,5296,1995.24,664.3,4694,2971.2,14417,1700,5521,2561.7,545.9,3749.6,377,158535.2139,0,50742.3,6125.6,2621.9,13667.7,364.9,535.2,6098.9,6101,1521.9,2701.6,1352.3,6243.9,332.8,4893.6,4876.8,599.19,603,640.8,628.1,641.4,349.3,2213,4823.89,629801,3102.68,487904.8
7/1/2025 0:00,119300,0,1286.3,549,4743.6,5596.1,5578.2,5402.8,5502.1,5640,1007,3381,5186,4145,1270.2,550.9,4304,2862.6,11879,1390.5,5381.5,1697.2,523,3289.6,367.5,0,0,37251.7,5648.9,2072.6,11442.4,313.9,528.3,4949.1,5798.8,1184.6,2175.2,1017.3,5665.1,301.1,4448.6,4302.4,570.12,577,451.3,441.1,452.8,287.8,1879.3,4706.38,528000,3343.92,140516.1999
7/2/2025 0:00,117200,0,1825,529,5582.7,5891.4,5780.7,5919,5952.5,6889,1215,4089,5671,5420,1804.6,616.7,5036,2910,13337,1673.9,4629.8,2971.9,457.8,3866.1,370.9,0,0,51439.3,5948.5,2899.2,12566.1,367.9,451.1,5737.7,5843.1,1512.8,2681.4,1395.4,6078.6,322.7,5509.3,5446.4,561.8,568,600.4,584.3,601.9,341.8,1997,4676.98,604718.8,826.16,176366.2003
7/3/2025 0:00,117100,0,1926.1,554,5159.8,6166.3,6111.7,6061.8,6245.1,7027,1228,4148,5905,5514,1831.1,595.5,4850,2848.2,12231,1678.1,4665.8,3033.1,455.6,3961.4,376.8,0,0,57117.2,6158,3036.8,11336.4,359.4,442.6,5600.3,6015.4,1370.9,2414.7,1572.5,6158.4,325.4,5870.8,5787.7,586.2,592,587,576.1,590.5,350.2,1973.8,4390.29,604000,3189.84,170806.3999
7/4/2025 0:00,117500,0,1800.7,423,4323.5,4367.9,4297.2,4474.1,4479.9,6362,1017,3430,4744,4145,1693.6,572.6,4152,2872,9636,1341.8,4373.9,2710.2,432.9,3408.7,350.8,0,0,54730.4,4346.9,2696.1,9044.1,277,432.2,4463.2,4228.4,1357.7,2470.7,1261.6,4908.3,243.2,5371.6,5380,453.08,454,554,540.9,552.7,279.8,1975.8,4821.04,427781.25,2690.19,191556.4
7/5/2025 0:00,114100,0,1527.1,512,4225.7,5901.9,5826.2,5831.7,5925.4,6101,1103,3701,5424,5348,1785.6,566.8,4915,2665.2,13451,1524.4,4969.5,2656.2,488.1,3434.8,380.5,0,0,52393.5,5874.6,2598.1,12552.5,315,480.1,5039.8,5808.5,1391.2,2484.9,1307,5572.9,316.4,5925.8,5796.4,530.38,525,523.3,522.4,528.1,307.6,2227.8,5200.56,564000,3036.35,165190.9998
7/6/2025 0:00,118200,0,1788.1,485,5260.4,5695.9,5707.9,5497.2,5586.2,5713,1108,3678,5223,4227,1648.7,563.7,3929,2619.9,14362,1448.4,4237,2939.4,413.7,3386.9,349.8,0,0,49015.6,5704.5,2464.1,13520.8,328.5,399.2,5246.6,5831.4,1291.3,2279.9,1370.1,5387.6,300.6,5156.4,5062.9,505.75,509,553.8,541.9,553.7,298.1,2090.5,4897.55,488593.75,3993.01,52782.89984
7/7/2025 0:00,121700,0,1823.5,376,5326.9,6067,5949.9,5929.6,6031.4,4598,855,2877,4424,3669,1560.6,625.4,3993,2875.4,12980,1603.8,5423.5,2729.5,531.2,3750.6,371.5,0,0,52639.7,6097,2649,12772.8,336,522.3,5384.1,6100.9,1484.2,2656.2,1383.7,5608.5,319.5,5276.4,5318.2,567.57,572,622,608.6,626.7,331.5,1889,4311.8,536000,3318.4,126096.9004
7/8/2025 0:00,80900,0,1822.3,499,4974.3,5346.8,5215.7,5368.6,5433.1,6694,1044,2441,5524,4803,1144.4,549.1,4578,2769.4,16614,1328.3,4168.2,2529.1,409.7,3827.6,351.5,0,0,50143.6,5378.2,2750.6,15515.8,340.5,405.9,5239.9,5230.4,1492.7,2670.9,1337.5,5524.6,289.5,5329.1,5336.3,517.66,517,630.7,616,628.4,291.4,1909,3926.33,512625,2179.95,22701.1999
7/9/2025 0:00,86600,0,1886.4,568,5677.8,6145.8,6015.1,6149.3,6218.3,6188,1194,4015,5843,5463,1904.3,652.4,5048,2441.2,16012,1616.6,5605.8,3003.7,550.7,3910.4,369.6,0,0,56490.5,6175.3,3049.4,15165.2,360.5,537,5797.5,6012,1388.1,2478.6,1490.9,6071.8,325.1,5703.6,5778.7,598.02,596,647.3,633.5,645.8,339.2,2110,5243.8,599500,3211.23,43855.60007
7/10/2025 0:00,58000,0,1750.5,510,5310.9,5156,5036,5302.3,5295.1,6794,1028,3422,5268,4862,1825.4,640.7,5079,2753.4,17543,1398,5648.4,2949.4,555.2,3633.5,361.1,0,0,55068.9,5175,2879.9,16852.7,320.8,542.3,5527.2,4906.1,1485.2,2667.2,1196.1,5143.2,280.9,5441.4,5519.5,543.84,538,622.9,608.5,622.8,307.7,1907,4495.41,594000,2826.35,38128.6001
7/11/2025 0:00,43400,0,1756.3,703.6,4858.5,5607.3,5788.1,5788.5,7109.7,2374,2025,8127,459.1,4615,1889.8,674,5260,1990,17590,1630,5701.7,2945.5,561.9,3649.9,352.5,0,0,52138.5,5708.3,2998.5,16900.4,348.2,545.5,5808.1,5482,866.4,1573.2,1330.7,5707.2,298.3,5162.6,5224.2,552.72,550,617.8,605.3,616.5,336.8,2085.5,5316.45,586593.8,2599.68,83485.6998
7/12/2025 0:00,84700,0,1641,676.9,4632.7,5374.1,5457.4,5467,5755.8,1196,1949,7845,471.3,4741,1943.1,709.5,5066,589.3,18073,1456.4,5623.7,2840.8,554.4,3093.9,323.1,0,0,52222.6,5391,2631.6,17090.5,313,539.7,5287.2,5177.7,277.1,553.4,1455.3,5362.8,282.6,5010.6,5219.7,517.34,517,475.6,463.7,473.3,303.4,1984.8,4896.74,635093.8,1287.51,181587.0999
7/13/2025 0:00,58200,0,116.8,73,697.2,946.8,922,943.7,959.6,3596,176,529,861,748,391.3,175.2,3090,991.4,5092,265.5,3882.4,753.1,378.8,191.6,32.8,0,0,4334,948.5,330.5,4939.2,53.3,384,887.3,912.5,745.6,1324,232.7,879.9,51.7,654.4,636.2,75.08,76,67.2,65.1,67.4,53.3,781,2673.3,144812.5,2574.07,178442.0994
7/14/2025 0:00,51500,0,1540.9,492,5199.1,5961.6,5776.1,5874.6,5919.8,4647,1039,3434,5304,2457,1751.1,591.7,4442,2657.8,15173,1545,4025.4,2825.5,396.6,2857.7,340.8,0,0,47166.5,5891.5,2609.2,11311.5,327.7,394.6,5202.7,5776.4,965.5,1717.8,1399.9,5532.6,316.8,5376.2,5291.9,494.34,485,652.8,639.2,657.1,330.1,1854.9,4612.54,619781.3,1467.69,188071.5002
7/15/2025 0:00,108200,0,1220.2,323,4521.2,3480.5,3412,3237.8,3373.3,4702,625,2042,3182,3015,1047,293.3,1918,2380.2,12220,831.4,2425.2,1671.5,239.3,1566,295.8,0,0,42145.9,3512.5,1416.3,11698.7,183.9,235.2,3017.4,3593.9,1239.4,2234.8,820.7,3301.9,178.4,4016,3895.6,353.85,360,542.9,535.9,546.1,177.3,1349.5,2856.48,394218.8,2206.31,117973.8999
7/16/2025 0:00,82500,0,308.7,138,1319.8,1256.7,1225,1239.4,1266.6,2329,219,710,1326,1207,82.7,53,1002,857.6,1414,333.5,1102.7,294.1,107.8,702.4,69.4,0,0,10834,1255.5,499.2,1258.8,71.5,105.1,1182.9,1214.7,406.9,758.5,151.6,1331.1,66.8,1392.4,1371.9,142.26,143,150.5,147.4,151.6,70.1,330,945.52,113875,2864.13,175142.9
7/17/2025 0:00,94800,0,239.3,83,961.6,622.8,606.6,621.5,634.8,1658,202,642,1151,283,90.1,58.7,339,1485.8,4629,219.6,283.2,493.2,28.1,369.6,92.4,0,0,14106.4,617.1,473.7,4201.6,35.9,26.7,666.1,586.4,926.5,1614.5,50.5,325,33.2,990,972.3,88.22,90,120.8,118.2,121.2,46.6,114,217.6,157218.8,3826.25,186694.1
7/18/2025 0:00,31400,0,1089.4,388,3525.1,3701.2,3501.6,3878.6,3788.6,2985,614,2082,3681,3580,974,343.4,3547,1665.8,4739,1059.2,4011.6,1323.4,390.2,2161.4,236.9,0,0,32152.1,3651.7,1829.1,4316.1,237.4,391.1,3583.9,3434.9,816.4,1466.5,798.9,4066.8,202.8,3082.8,3169.6,403.02,394,347.8,338.3,345.1,234.4,781.8,1892.37,296187.5,4010.72,185895.7
7/19/2025 0:00,98800,0,1022.3,424,3332.8,2802.5,2742.6,2775.3,2751,2930,616,2105,3292,3427,254.7,61.1,574,2092.5,8146,778.8,819.6,660.8,82,2057.2,228,0,0,29337.2,2740.4,1216.1,7438.1,195.4,76.7,2871.5,2722.9,938.4,1655.1,437.5,3562.8,149.2,3496.4,3540.7,438.36,448,477.7,472.6,480,166.5,212,404.53,90906.3,3665.5,36186.6
7/20/2025 0:00,115800,0,1691.5,503,5057.4,6252,6013.5,6317.5,6257.9,4855,894,3022,5248,5677,1808.5,317.7,3188,0,12581,1319.7,2143.5,2147.5,213.3,2878.8,300.4,0,0,41641.8,6185.1,1976.9,11533.6,294.1,206.8,5953,5988.1,1303,2318.3,1338.7,5778.1,332.6,3604.6,3708.1,509.06,506,597.9,592.1,599.8,332.4,1376,4027.15,563187.5,3432.33,86407.3
7/21/2025 0:00,119800,0,1012.2,343,4876.6,3549.9,3305.1,3642.2,3644.4,5845,790,2637,3292,3166,1465.2,401.2,4196,0,15939,951.7,3987.8,1643.9,392.5,2168.2,268.5,0,0,36573.5,3538.9,1652.7,14673.9,212,378.2,3614.5,3368.5,1424.8,2548.5,839.9,3555.1,193.6,5255.5,4272.6,364.58,356,556.8,552.9,558.7,198.6,946.1,2095.17,600718.8,2349.18,50512.9
7/22/2025 0:00,124900,0,1855.2,505,5676.1,5316.7,4978.9,5555.5,5325.7,6466,1054,3485,5401,4064,1788.4,601.7,4783,2680.8,15573,1377.5,4273.5,2224.3,420.8,3350.6,335.7,0,0,45974.1,5250,2441.5,14311,321.3,409.4,5387.9,5152.4,1484.6,2698.6,1293.7,3412.9,290.5,5669.4,5685,604.06,500,613.8,606.8,617.8,264.6,2168.2,5002.68,499093.8,3055.27,114526.2
7/23/2025 0:00,126400,0,1806.7,579,5314.8,5646.5,5397.1,5564.2,5646.2,6117,1170,3904,5638,5413,1435.2,643.8,5114,2381.7,16759,1542.7,4812.4,2699.6,472.3,3718,379.8,0,0,58087.2,5564.3,2691.8,15219.6,365.1,471.3,5418.3,5341.8,1442.6,2612.4,1482.4,3658.8,291.4,4680.2,4493.3,609.02,598,548.1,535.3,549.2,339.2,1934.6,4818.6,595687.5,1633.69,202665
7/24/2025 0:00,121900,0,1686.1,567,5755,6099.5,5915.7,5991.3,6070.8,6584,1157,3842,5816,5365,1414.2,686,5436,2327,16117,1545.5,5497.7,2874.5,538.9,3700.2,370.2,0,0,56568,6100.5,3013.8,14805.9,355.7,520.5,5940.5,5957.6,1455.1,2682.1,1492.5,5653.6,315,5718,5705.3,586.23,584,618.6,602.5,617.8,338,2121,3918.14,636218.8,3285.93,186321.9
7/25/2025 0:00,110000,0,1826.5,518,5532.7,5515.2,5298.3,5485.9,5528.6,6747,1192,3991,5653,5564,1886.2,685,5430,2908.7,17234,1430.8,5508.9,2969.2,543.5,3928.7,376.1,0,0,56909,5482,3004.6,15719.6,359.7,530.6,5409.1,5378.5,1490.5,2708.5,1300.8,5724.8,287.8,5832.2,5765.7,565.2,553,640.9,629.2,641.6,337.6,2159,5104.34,613812.5,2586.09,186992.5
7/26/2025 0:00,88900,0,1842.2,512,5224.8,5881,5629,5873.3,5894.2,7075,1171,3873,5526,5176,1778,659.9,5101,2808.3,15337,1487.9,5324.2,2888.4,526.3,3878.3,361.5,0,0,56633.8,5824.3,2999.7,13963.8,351.1,514.7,5558.6,5660.3,1477.9,2680.9,1459.7,5728.8,304.2,5604.6,5559.8,558.5,558,638.3,625.6,638.7,335.3,2061.5,4498.63,623906.3,2311.81,94147.1
7/27/2025 0:00,101500,0,1902.8,572,5263.5,6144.1,5892.3,6155,6157.9,7195,1189,4025,5824,5507,1918,692.4,5461,2893,17453,1555.7,5500.4,2927.7,542.8,3978.3,374.5,0,0,50171.6,6131.7,3038.8,15977.8,351.2,528.9,5899.5,5985.2,1547.5,2743.5,1501.8,5595.2,315.6,5619.1,5561.9,607.87,599,649.2,637.2,649.1,344.8,2096,5223.3,629500,3600.53,139454.1
7/28/2025 0:00,133200,0,1752.3,582,5630.8,6181.2,5939.5,6116.7,6185.1,6854,1154,3808,5674,5512,1860.8,657.1,5395,2904.5,17298,1551.8,5464.6,2632.6,540.2,3507.1,365,0,0,54692.7,6128.7,2860.2,15828.5,350.1,524.8,5759.8,5960,1520.4,2725.5,1467.4,5495.3,313.8,4663.4,4652.3,608.94,598,642.2,630.7,643.2,340.3,2142.5,5057.06,625406.3,3665.56,56607.8
7/29/2025 0:00,116600,0,1835,569,5559.5,6045.8,5769.3,6069.6,6041.1,6680,1128,3770,5722,5376,1854.6,687.7,5421,2857,8288,1544.3,5427.6,2977.8,315.1,3815.7,374.4,0,0,57699.3,5987.2,3001.4,15322.5,357.3,523.3,5905,5792.7,1428,2552.1,1488.2,5650.7,310.5,5807.5,5743,606.83,597,656.6,644.3,653.7,341,2104.6,5198.67,621187.5,3771.58,106752.1
7/30/2025 0:00,135500,0,1673.2,489,5096.1,5527.2,5215.5,5705.4,5566.7,3648,1036,3528,5351,4721,1610.9,603.3,5342,1557.4,14439,1441.1,5175.9,2854.7,511.8,3452.1,295,0,0,46134,5472,2731.1,13447.4,323.9,503.2,5408.4,4913.3,778.9,1405,1381.7,5078.3,285.2,4567,4607.9,529.9,518,514.4,506.6,513.3,305.6,2154.6,4903.45,461906.3,3425.69,104086.4
7/31/2025 0:00,113000,0,1653.6,526,5091.3,5642.3,5395.4,5603.4,5567,5958,1077,3643,5243,5197,1636.7,633.2,4840,2674.4,13751,1440.8,4454.1,2917,435.8,3766.1,366.3,0,0,57063.1,1663.4,2529.9,13139.5,330.6,420.6,5398.7,5545.5,1439.4,2557.7,1450.7,1797.9,290.5,5284.7,5157.4,519.32,513,623.5,614.2,625.2,317.1,2107,5001.48,573906.3,3223,93272.6
8/1/2025 0:00,,,,,,,,,,,,,,,,,,,,,,,,,,,,,,,,,,,,,,,,,,,,,,,,,,,,,
8/2/2025 0:00,,,,,,,,,,,,,,,,,,,,,,,,,,,,,,,,,,,,,,,,,,,,,,,,,,,,,
8/3/2025 0:00,,,,,,,,,,,,,,,,,,,,,,,,,,,,,,,,,,,,,,,,,,,,,,,,,,,,,
8/4/2025 0:00,,,,,,,,,,,,,,,,,,,,,,,,,,,,,,,,,,,,,,,,,,,,,,,,,,,,,
8/5/2025 0:00,,,,,,,,,,,,,,,,,,,,,,,,,,,,,,,,,,,,,,,,,,,,,,,,,,,,,
8/6/2025 0:00,,,,,,,,,,,,,,,,,,,,,,,,,,,,,,,,,,,,,,,,,,,,,,,,,,,,,
8/7/2025 0:00,,,,,,,,,,,,,,,,,,,,,,,,,,,,,,,,,,,,,,,,,,,,,,,,,,,,,
8/8/2025 0:00,,,,,,,,,,,,,,,,,,,,,,,,,,,,,,,,,,,,,,,,,,,,,,,,,,,,,
8/9/2025 0:00,,,,,,,,,,,,,,,,,,,,,,,,,,,,,,,,,,,,,,,,,,,,,,,,,,,,,
8/10/2025 0:00,,,,,,,,,,,,,,,,,,,,,,,,,,,,,,,,,,,,,,,,,,,,,,,,,,,,,
8/11/2025 0:00,,,,,,,,,,,,,,,,,,,,,,,,,,,,,,,,,,,,,,,,,,,,,,,,,,,,,
8/12/2025 0:00,,,,,,,,,,,,,,,,,,,,,,,,,,,,,,,,,,,,,,,,,,,,,,,,,,,,,
8/13/2025 0:00,,,,,,,,,,,,,,,,,,,,,,,,,,,,,,,,,,,,,,,,,,,,,,,,,,,,,
8/14/2025 0:00,,,,,,,,,,,,,,,,,,,,,,,,,,,,,,,,,,,,,,,,,,,,,,,,,,,,,
8/15/2025 0:00,,,,,,,,,,,,,,,,,,,,,,,,,,,,,,,,,,,,,,,,,,,,,,,,,,,,,
8/16/2025 0:00,,,,,,,,,,,,,,,,,,,,,,,,,,,,,,,,,,,,,,,,,,,,,,,,,,,,,
8/17/2025 0:00,,,,,,,,,,,,,,,,,,,,,,,,,,,,,,,,,,,,,,,,,,,,,,,,,,,,,
8/18/2025 0:00,,,,,,,,,,,,,,,,,,,,,,,,,,,,,,,,,,,,,,,,,,,,,,,,,,,,,
8/19/2025 0:00,,,,,,,,,,,,,,,,,,,,,,,,,,,,,,,,,,,,,,,,,,,,,,,,,,,,,
8/20/2025 0:00,,,,,,,,,,,,,,,,,,,,,,,,,,,,,,,,,,,,,,,,,,,,,,,,,,,,,
8/21/2025 0:00,,,,,,,,,,,,,,,,,,,,,,,,,,,,,,,,,,,,,,,,,,,,,,,,,,,,,
8/22/2025 0:00,,,,,,,,,,,,,,,,,,,,,,,,,,,,,,,,,,,,,,,,,,,,,,,,,,,,,
8/23/2025 0:00,,,,,,,,,,,,,,,,,,,,,,,,,,,,,,,,,,,,,,,,,,,,,,,,,,,,,
8/24/2025 0:00,,,,,,,,,,,,,,,,,,,,,,,,,,,,,,,,,,,,,,,,,,,,,,,,,,,,,
8/25/2025 0:00,,,,,,,,,,,,,,,,,,,,,,,,,,,,,,,,,,,,,,,,,,,,,,,,,,,,,
8/26/2025 0:00,,,,,,,,,,,,,,,,,,,,,,,,,,,,,,,,,,,,,,,,,,,,,,,,,,,,,
8/27/2025 0:00,,,,,,,,,,,,,,,,,,,,,,,,,,,,,,,,,,,,,,,,,,,,,,,,,,,,,
8/28/2025 0:00,,,,,,,,,,,,,,,,,,,,,,,,,,,,,,,,,,,,,,,,,,,,,,,,,,,,,
8/29/2025 0:00,,,,,,,,,,,,,,,,,,,,,,,,,,,,,,,,,,,,,,,,,,,,,,,,,,,,,
8/30/2025 0:00,,,,,,,,,,,,,,,,,,,,,,,,,,,,,,,,,,,,,,,,,,,,,,,,,,,,,
8/31/2025 0:00,,,,,,,,,,,,,,,,,,,,,,,,,,,,,,,,,,,,,,,,,,,,,,,,,,,,,
9/1/2025 0:00,,,,,,,,,,,,,,,,,,,,,,,,,,,,,,,,,,,,,,,,,,,,,,,,,,,,,
9/2/2025 0:00,,,,,,,,,,,,,,,,,,,,,,,,,,,,,,,,,,,,,,,,,,,,,,,,,,,,,
9/3/2025 0:00,,,,,,,,,,,,,,,,,,,,,,,,,,,,,,,,,,,,,,,,,,,,,,,,,,,,,
9/4/2025 0:00,,,,,,,,,,,,,,,,,,,,,,,,,,,,,,,,,,,,,,,,,,,,,,,,,,,,,
9/5/2025 0:00,,,,,,,,,,,,,,,,,,,,,,,,,,,,,,,,,,,,,,,,,,,,,,,,,,,,,
9/6/2025 0:00,,,,,,,,,,,,,,,,,,,,,,,,,,,,,,,,,,,,,,,,,,,,,,,,,,,,,
9/7/2025 0:00,,,,,,,,,,,,,,,,,,,,,,,,,,,,,,,,,,,,,,,,,,,,,,,,,,,,,
9/8/2025 0:00,,,,,,,,,,,,,,,,,,,,,,,,,,,,,,,,,,,,,,,,,,,,,,,,,,,,,
9/9/2025 0:00,,,,,,,,,,,,,,,,,,,,,,,,,,,,,,,,,,,,,,,,,,,,,,,,,,,,,
9/10/2025 0:00,,,,,,,,,,,,,,,,,,,,,,,,,,,,,,,,,,,,,,,,,,,,,,,,,,,,,
9/11/2025 0:00,,,,,,,,,,,,,,,,,,,,,,,,,,,,,,,,,,,,,,,,,,,,,,,,,,,,,
9/12/2025 0:00,,,,,,,,,,,,,,,,,,,,,,,,,,,,,,,,,,,,,,,,,,,,,,,,,,,,,
9/13/2025 0:00,,,,,,,,,,,,,,,,,,,,,,,,,,,,,,,,,,,,,,,,,,,,,,,,,,,,,
9/14/2025 0:00,,,,,,,,,,,,,,,,,,,,,,,,,,,,,,,,,,,,,,,,,,,,,,,,,,,,,
9/15/2025 0:00,,,,,,,,,,,,,,,,,,,,,,,,,,,,,,,,,,,,,,,,,,,,,,,,,,,,,
9/16/2025 0:00,,,,,,,,,,,,,,,,,,,,,,,,,,,,,,,,,,,,,,,,,,,,,,,,,,,,,
9/17/2025 0:00,,,,,,,,,,,,,,,,,,,,,,,,,,,,,,,,,,,,,,,,,,,,,,,,,,,,,
9/18/2025 0:00,,,,,,,,,,,,,,,,,,,,,,,,,,,,,,,,,,,,,,,,,,,,,,,,,,,,,
9/19/2025 0:00,,,,,,,,,,,,,,,,,,,,,,,,,,,,,,,,,,,,,,,,,,,,,,,,,,,,,
9/20/2025 0:00,,,,,,,,,,,,,,,,,,,,,,,,,,,,,,,,,,,,,,,,,,,,,,,,,,,,,
9/21/2025 0:00,,,,,,,,,,,,,,,,,,,,,,,,,,,,,,,,,,,,,,,,,,,,,,,,,,,,,
9/22/2025 0:00,,,,,,,,,,,,,,,,,,,,,,,,,,,,,,,,,,,,,,,,,,,,,,,,,,,,,
9/23/2025 0:00,,,,,,,,,,,,,,,,,,,,,,,,,,,,,,,,,,,,,,,,,,,,,,,,,,,,,
9/24/2025 0:00,,,,,,,,,,,,,,,,,,,,,,,,,,,,,,,,,,,,,,,,,,,,,,,,,,,,,
9/25/2025 0:00,,,,,,,,,,,,,,,,,,,,,,,,,,,,,,,,,,,,,,,,,,,,,,,,,,,,,
9/26/2025 0:00,,,,,,,,,,,,,,,,,,,,,,,,,,,,,,,,,,,,,,,,,,,,,,,,,,,,,
9/27/2025 0:00,,,,,,,,,,,,,,,,,,,,,,,,,,,,,,,,,,,,,,,,,,,,,,,,,,,,,
9/28/2025 0:00,,,,,,,,,,,,,,,,,,,,,,,,,,,,,,,,,,,,,,,,,,,,,,,,,,,,,
9/29/2025 0:00,,,,,,,,,,,,,,,,,,,,,,,,,,,,,,,,,,,,,,,,,,,,,,,,,,,,,
9/30/2025 0:00,,,,,,,,,,,,,,,,,,,,,,,,,,,,,,,,,,,,,,,,,,,,,,,,,,,,,
10/1/2025 0:00,,,,,,,,,,,,,,,,,,,,,,,,,,,,,,,,,,,,,,,,,,,,,,,,,,,,,
10/2/2025 0:00,,,,,,,,,,,,,,,,,,,,,,,,,,,,,,,,,,,,,,,,,,,,,,,,,,,,,
10/3/2025 0:00,,,,,,,,,,,,,,,,,,,,,,,,,,,,,,,,,,,,,,,,,,,,,,,,,,,,,
10/4/2025 0:00,,,,,,,,,,,,,,,,,,,,,,,,,,,,,,,,,,,,,,,,,,,,,,,,,,,,,
10/5/2025 0:00,,,,,,,,,,,,,,,,,,,,,,,,,,,,,,,,,,,,,,,,,,,,,,,,,,,,,
10/6/2025 0:00,,,,,,,,,,,,,,,,,,,,,,,,,,,,,,,,,,,,,,,,,,,,,,,,,,,,,
10/7/2025 0:00,,,,,,,,,,,,,,,,,,,,,,,,,,,,,,,,,,,,,,,,,,,,,,,,,,,,,
10/8/2025 0:00,,,,,,,,,,,,,,,,,,,,,,,,,,,,,,,,,,,,,,,,,,,,,,,,,,,,,
10/9/2025 0:00,,,,,,,,,,,,,,,,,,,,,,,,,,,,,,,,,,,,,,,,,,,,,,,,,,,,,
10/10/2025 0:00,,,,,,,,,,,,,,,,,,,,,,,,,,,,,,,,,,,,,,,,,,,,,,,,,,,,,
10/11/2025 0:00,,,,,,,,,,,,,,,,,,,,,,,,,,,,,,,,,,,,,,,,,,,,,,,,,,,,,
10/12/2025 0:00,,,,,,,,,,,,,,,,,,,,,,,,,,,,,,,,,,,,,,,,,,,,,,,,,,,,,
10/13/2025 0:00,,,,,,,,,,,,,,,,,,,,,,,,,,,,,,,,,,,,,,,,,,,,,,,,,,,,,
10/14/2025 0:00,,,,,,,,,,,,,,,,,,,,,,,,,,,,,,,,,,,,,,,,,,,,,,,,,,,,,
10/15/2025 0:00,,,,,,,,,,,,,,,,,,,,,,,,,,,,,,,,,,,,,,,,,,,,,,,,,,,,,
10/16/2025 0:00,,,,,,,,,,,,,,,,,,,,,,,,,,,,,,,,,,,,,,,,,,,,,,,,,,,,,
10/17/2025 0:00,,,,,,,,,,,,,,,,,,,,,,,,,,,,,,,,,,,,,,,,,,,,,,,,,,,,,
10/18/2025 0:00,,,,,,,,,,,,,,,,,,,,,,,,,,,,,,,,,,,,,,,,,,,,,,,,,,,,,
10/19/2025 0:00,,,,,,,,,,,,,,,,,,,,,,,,,,,,,,,,,,,,,,,,,,,,,,,,,,,,,
10/20/2025 0:00,,,,,,,,,,,,,,,,,,,,,,,,,,,,,,,,,,,,,,,,,,,,,,,,,,,,,
10/21/2025 0:00,,,,,,,,,,,,,,,,,,,,,,,,,,,,,,,,,,,,,,,,,,,,,,,,,,,,,
10/22/2025 0:00,,,,,,,,,,,,,,,,,,,,,,,,,,,,,,,,,,,,,,,,,,,,,,,,,,,,,
10/23/2025 0:00,,,,,,,,,,,,,,,,,,,,,,,,,,,,,,,,,,,,,,,,,,,,,,,,,,,,,
10/24/2025 0:00,,,,,,,,,,,,,,,,,,,,,,,,,,,,,,,,,,,,,,,,,,,,,,,,,,,,,
10/25/2025 0:00,,,,,,,,,,,,,,,,,,,,,,,,,,,,,,,,,,,,,,,,,,,,,,,,,,,,,
10/26/2025 0:00,,,,,,,,,,,,,,,,,,,,,,,,,,,,,,,,,,,,,,,,,,,,,,,,,,,,,
10/27/2025 0:00,,,,,,,,,,,,,,,,,,,,,,,,,,,,,,,,,,,,,,,,,,,,,,,,,,,,,
10/28/2025 0:00,,,,,,,,,,,,,,,,,,,,,,,,,,,,,,,,,,,,,,,,,,,,,,,,,,,,,
10/29/2025 0:00,,,,,,,,,,,,,,,,,,,,,,,,,,,,,,,,,,,,,,,,,,,,,,,,,,,,,
10/30/2025 0:00,,,,,,,,,,,,,,,,,,,,,,,,,,,,,,,,,,,,,,,,,,,,,,,,,,,,,
10/31/2025 0:00,,,,,,,,,,,,,,,,,,,,,,,,,,,,,,,,,,,,,,,,,,,,,,,,,,,,,
11/1/2025 0:00,,,,,,,,,,,,,,,,,,,,,,,,,,,,,,,,,,,,,,,,,,,,,,,,,,,,,
11/2/2025 0:00,,,,,,,,,,,,,,,,,,,,,,,,,,,,,,,,,,,,,,,,,,,,,,,,,,,,,
11/3/2025 0:00,,,,,,,,,,,,,,,,,,,,,,,,,,,,,,,,,,,,,,,,,,,,,,,,,,,,,
11/4/2025 0:00,,,,,,,,,,,,,,,,,,,,,,,,,,,,,,,,,,,,,,,,,,,,,,,,,,,,,
11/5/2025 0:00,,,,,,,,,,,,,,,,,,,,,,,,,,,,,,,,,,,,,,,,,,,,,,,,,,,,,
11/6/2025 0:00,,,,,,,,,,,,,,,,,,,,,,,,,,,,,,,,,,,,,,,,,,,,,,,,,,,,,
11/7/2025 0:00,,,,,,,,,,,,,,,,,,,,,,,,,,,,,,,,,,,,,,,,,,,,,,,,,,,,,
11/8/2025 0:00,,,,,,,,,,,,,,,,,,,,,,,,,,,,,,,,,,,,,,,,,,,,,,,,,,,,,
11/9/2025 0:00,,,,,,,,,,,,,,,,,,,,,,,,,,,,,,,,,,,,,,,,,,,,,,,,,,,,,
11/10/2025 0:00,,,,,,,,,,,,,,,,,,,,,,,,,,,,,,,,,,,,,,,,,,,,,,,,,,,,,
11/11/2025 0:00,,,,,,,,,,,,,,,,,,,,,,,,,,,,,,,,,,,,,,,,,,,,,,,,,,,,,
11/12/2025 0:00,,,,,,,,,,,,,,,,,,,,,,,,,,,,,,,,,,,,,,,,,,,,,,,,,,,,,
11/13/2025 0:00,,,,,,,,,,,,,,,,,,,,,,,,,,,,,,,,,,,,,,,,,,,,,,,,,,,,,
11/14/2025 0:00,,,,,,,,,,,,,,,,,,,,,,,,,,,,,,,,,,,,,,,,,,,,,,,,,,,,,
11/15/2025 0:00,,,,,,,,,,,,,,,,,,,,,,,,,,,,,,,,,,,,,,,,,,,,,,,,,,,,,
11/16/2025 0:00,,,,,,,,,,,,,,,,,,,,,,,,,,,,,,,,,,,,,,,,,,,,,,,,,,,,,
11/17/2025 0:00,,,,,,,,,,,,,,,,,,,,,,,,,,,,,,,,,,,,,,,,,,,,,,,,,,,,,
11/18/2025 0:00,,,,,,,,,,,,,,,,,,,,,,,,,,,,,,,,,,,,,,,,,,,,,,,,,,,,,
11/19/2025 0:00,,,,,,,,,,,,,,,,,,,,,,,,,,,,,,,,,,,,,,,,,,,,,,,,,,,,,
11/20/2025 0:00,,,,,,,,,,,,,,,,,,,,,,,,,,,,,,,,,,,,,,,,,,,,,,,,,,,,,
11/21/2025 0:00,,,,,,,,,,,,,,,,,,,,,,,,,,,,,,,,,,,,,,,,,,,,,,,,,,,,,
11/22/2025 0:00,,,,,,,,,,,,,,,,,,,,,,,,,,,,,,,,,,,,,,,,,,,,,,,,,,,,,
11/23/2025 0:00,,,,,,,,,,,,,,,,,,,,,,,,,,,,,,,,,,,,,,,,,,,,,,,,,,,,,
11/24/2025 0:00,,,,,,,,,,,,,,,,,,,,,,,,,,,,,,,,,,,,,,,,,,,,,,,,,,,,,
11/25/2025 0:00,,,,,,,,,,,,,,,,,,,,,,,,,,,,,,,,,,,,,,,,,,,,,,,,,,,,,
11/26/2025 0:00,,,,,,,,,,,,,,,,,,,,,,,,,,,,,,,,,,,,,,,,,,,,,,,,,,,,,
11/27/2025 0:00,,,,,,,,,,,,,,,,,,,,,,,,,,,,,,,,,,,,,,,,,,,,,,,,,,,,,
11/28/2025 0:00,,,,,,,,,,,,,,,,,,,,,,,,,,,,,,,,,,,,,,,,,,,,,,,,,,,,,
11/29/2025 0:00,,,,,,,,,,,,,,,,,,,,,,,,,,,,,,,,,,,,,,,,,,,,,,,,,,,,,
11/30/2025 0:00,,,,,,,,,,,,,,,,,,,,,,,,,,,,,,,,,,,,,,,,,,,,,,,,,,,,,
12/1/2025 0:00,,,,,,,,,,,,,,,,,,,,,,,,,,,,,,,,,,,,,,,,,,,,,,,,,,,,,
12/2/2025 0:00,,,,,,,,,,,,,,,,,,,,,,,,,,,,,,,,,,,,,,,,,,,,,,,,,,,,,
12/3/2025 0:00,,,,,,,,,,,,,,,,,,,,,,,,,,,,,,,,,,,,,,,,,,,,,,,,,,,,,
12/4/2025 0:00,,,,,,,,,,,,,,,,,,,,,,,,,,,,,,,,,,,,,,,,,,,,,,,,,,,,,
12/5/2025 0:00,,,,,,,,,,,,,,,,,,,,,,,,,,,,,,,,,,,,,,,,,,,,,,,,,,,,,
12/6/2025 0:00,,,,,,,,,,,,,,,,,,,,,,,,,,,,,,,,,,,,,,,,,,,,,,,,,,,,,
12/7/2025 0:00,,,,,,,,,,,,,,,,,,,,,,,,,,,,,,,,,,,,,,,,,,,,,,,,,,,,,
12/8/2025 0:00,,,,,,,,,,,,,,,,,,,,,,,,,,,,,,,,,,,,,,,,,,,,,,,,,,,,,
12/9/2025 0:00,,,,,,,,,,,,,,,,,,,,,,,,,,,,,,,,,,,,,,,,,,,,,,,,,,,,,
12/10/2025 0:00,,,,,,,,,,,,,,,,,,,,,,,,,,,,,,,,,,,,,,,,,,,,,,,,,,,,,
12/11/2025 0:00,,,,,,,,,,,,,,,,,,,,,,,,,,,,,,,,,,,,,,,,,,,,,,,,,,,,,
12/12/2025 0:00,,,,,,,,,,,,,,,,,,,,,,,,,,,,,,,,,,,,,,,,,,,,,,,,,,,,,
12/13/2025 0:00,,,,,,,,,,,,,,,,,,,,,,,,,,,,,,,,,,,,,,,,,,,,,,,,,,,,,
12/14/2025 0:00,,,,,,,,,,,,,,,,,,,,,,,,,,,,,,,,,,,,,,,,,,,,,,,,,,,,,
12/15/2025 0:00,,,,,,,,,,,,,,,,,,,,,,,,,,,,,,,,,,,,,,,,,,,,,,,,,,,,,
12/16/2025 0:00,,,,,,,,,,,,,,,,,,,,,,,,,,,,,,,,,,,,,,,,,,,,,,,,,,,,,
12/17/2025 0:00,,,,,,,,,,,,,,,,,,,,,,,,,,,,,,,,,,,,,,,,,,,,,,,,,,,,,
12/18/2025 0:00,,,,,,,,,,,,,,,,,,,,,,,,,,,,,,,,,,,,,,,,,,,,,,,,,,,,,
12/19/2025 0:00,,,,,,,,,,,,,,,,,,,,,,,,,,,,,,,,,,,,,,,,,,,,,,,,,,,,,
12/20/2025 0:00,,,,,,,,,,,,,,,,,,,,,,,,,,,,,,,,,,,,,,,,,,,,,,,,,,,,,
12/21/2025 0:00,,,,,,,,,,,,,,,,,,,,,,,,,,,,,,,,,,,,,,,,,,,,,,,,,,,,,
12/22/2025 0:00,,,,,,,,,,,,,,,,,,,,,,,,,,,,,,,,,,,,,,,,,,,,,,,,,,,,,
12/23/2025 0:00,,,,,,,,,,,,,,,,,,,,,,,,,,,,,,,,,,,,,,,,,,,,,,,,,,,,,
12/24/2025 0:00,,,,,,,,,,,,,,,,,,,,,,,,,,,,,,,,,,,,,,,,,,,,,,,,,,,,,
12/25/2025 0:00,,,,,,,,,,,,,,,,,,,,,,,,,,,,,,,,,,,,,,,,,,,,,,,,,,,,,
12/26/2025 0:00,,,,,,,,,,,,,,,,,,,,,,,,,,,,,,,,,,,,,,,,,,,,,,,,,,,,,
12/27/2025 0:00,,,,,,,,,,,,,,,,,,,,,,,,,,,,,,,,,,,,,,,,,,,,,,,,,,,,,
12/28/2025 0:00,,,,,,,,,,,,,,,,,,,,,,,,,,,,,,,,,,,,,,,,,,,,,,,,,,,,,
12/29/2025 0:00,,,,,,,,,,,,,,,,,,,,,,,,,,,,,,,,,,,,,,,,,,,,,,,,,,,,,
12/30/2025 0:00,,,,,,,,,,,,,,,,,,,,,,,,,,,,,,,,,,,,,,,,,,,,,,,,,,,,,
12/31/2025 0:00,,,,,,,,,,,,,,,,,,,,,,,,,,,,,,,,,,,,,,,,,,,,,,,,,,,,,
