Date,month,Country,Portfolio,Asset No,Battery Capacity (MW),Export Energy (kWh),PV Energy (kWh),Charge Energy (kWh),Discharge Energy (kWh),Min SOC ,Max SOC ,Min ESS Temperature ,Max ESS Temperature ,Min ESS Humidity ,Max ESS Humidity ,RTE(%)
01-Jan-25,25-Jan,korea,korea-blackwood,KR_BW_18,1.4976,2175.7,2260.7,1247,1162,2.5,90,16.7,21.8,27.2,35,0.931836407
02-Jan-25,25-Jan,korea,korea-blackwood,KR_BW_18,1.4976,1445.9,1492.9,843,796,2.5,62.5,16.8,20.8,27.3,38.2,0.944246738
03-Jan-25,25-Jan,korea,korea-blackwood,KR_BW_18,1.4976,1841.9,1900.9,1048,989,2,77,16.8,21.8,21.8,34.1,0.94370229
04-Jan-25,25-Jan,korea,korea-blackwood,KR_BW_18,1.4976,1900.7,1971.7,1177,1106,2,85,16.8,21.9,23.2,30.4,0.939677145
05-Jan-25,25-Jan,korea,korea-blackwood,KR_BW_18,1.4976,256.1,268.1,12,0,2.5,3.5,16.7,19.7,26.7,41.4,0
06-Jan-25,25-Jan,korea,korea-blackwood,KR_BW_18,1.4976,877.8,892.8,323,308,2,29,16.8,19.8,24.7,41.8,0.953560372
07-Jan-25,25-Jan,korea,korea-blackwood,KR_BW_18,1.4976,893.7,927.7,291,257,2,24,16.8,19.7,22.9,32.2,0.883161512
08-Jan-25,25-Jan,korea,korea-blackwood,KR_BW_18,1.4976,407.6,448.6,41,0,2.5,6.5,16.9,19.7,25.4,37.9,0
09-Jan-25,25-Jan,korea,korea-blackwood,KR_BW_18,1.4976,728.5,708.5,142,162,2,16.5,16.6,19.8,22.3,34.5,1.14084507
10-Jan-25,25-Jan,korea,korea-blackwood,KR_BW_18,1.4976,539.6,549.6,138,128,1.5,14.9,16.6,19.7,23.3,33.5,0.927536232
11-Jan-25,25-Jan,korea,korea-blackwood,KR_BW_18,1.4976,398.1,448.1,50,0,1.5,6.5,16.7,19.7,26.4,34,0
12-Jan-25,25-Jan,korea,korea-blackwood,KR_BW_18,1.4976,941.5,942.5,438,437,2,38.5,16.7,19.8,23.4,32.9,0.997716895
13-Jan-25,25-Jan,korea,korea-blackwood,KR_BW_18,1.4976,1241.5,1276.5,565,530,2,45.5,16.6,19.7,26.8,35.8,0.938053097
14-Jan-25,25-Jan,korea,korea-blackwood,KR_BW_18,1.4976,1532.2,1585.2,877,824,2.5,64.5,16.9,20.5,30.8,41.3,0.939566705
15-Jan-25,25-Jan,korea,korea-blackwood,KR_BW_18,1.4976,813.7,827.7,262,248,2,22.8,16.7,19.6,21.8,40.8,0.946564885
16-Jan-25,25-Jan,korea,korea-blackwood,KR_BW_18,1.4976,411.8,408.8,73,76,1.5,10.5,16.7,19.7,24.3,31.2,1.04109589
17-Jan-25,25-Jan,korea,korea-blackwood,KR_BW_18,1.4976,1850,1926,1183,1107,1.5,85,16.7,21.4,24.5,32.1,0.935756551
18-Jan-25,25-Jan,korea,korea-blackwood,KR_BW_18,1.4976,1824,1896,1093,1021,2,79.5,16.6,21.8,27.4,37.7,0.934126258
19-Jan-25,25-Jan,korea,korea-blackwood,KR_BW_18,1.4976,1642.3,1714.3,828,756,2.2,60.5,16.7,20.4,30.5,39.8,0.913043478
20-Jan-25,25-Jan,korea,korea-blackwood,KR_BW_18,1.4976,1494.2,1565.2,893,822,2.5,64.5,16.8,21.1,27.9,39.7,0.920492721
21-Jan-25,25-Jan,korea,korea-blackwood,KR_BW_18,1.4976,2149,2235,1269,1183,2,90.5,16.7,22.3,27.8,37.1,0.932230102
22-Jan-25,25-Jan,korea,korea-blackwood,KR_BW_18,1.4976,1251.3,1302.3,552,501,2,43,16.8,19.6,30.7,42.2,0.907608696
23-Jan-25,25-Jan,korea,korea-blackwood,KR_BW_18,1.4976,2021.5,2112.5,1264,1173,2,90,16.8,22.2,32.8,44.9,0.928006329
24-Jan-25,25-Jan,korea,korea-blackwood,KR_BW_18,1.4976,1443.3,1509.3,819,753,2,60.2,16.9,20.4,33.1,45.8,0.919413919
25-Jan-25,25-Jan,korea,korea-blackwood,KR_BW_18,1.4976,2068.7,2155.7,1263,1176,2,90.2,16.9,22.3,28.2,44.6,0.93111639
26-Jan-25,25-Jan,korea,korea-blackwood,KR_BW_18,1.4976,867.5,899.5,369,337,1.5,31,16.7,19.6,28.5,39.6,0.913279133
27-Jan-25,25-Jan,korea,korea-blackwood,KR_BW_18,1.4976,723.8,759.8,279,243,2,22.5,16.7,19.7,25.9,43.2,0.870967742
28-Jan-25,25-Jan,korea,korea-blackwood,KR_BW_18,1.4976,569.5,580.5,136,125,1.5,14,16.6,19.7,25.8,34,0.919117647
29-Jan-25,25-Jan,korea,korea-blackwood,KR_BW_18,1.4976,824.9,862.9,228,190,1.5,18.5,16.7,19.7,22.3,30.7,0.833333333
30-Jan-25,25-Jan,korea,korea-blackwood,KR_BW_18,1.4976,2363.4,2457.4,1267,1173,2,90.5,16.5,21.7,24.5,33.3,0.925808998
31-Jan-25,25-Jan,korea,korea-blackwood,KR_BW_18,1.4976,827.3,861.3,401,367,2,33,16.8,19.6,28.6,50.3,0.91521197
01-Feb-25,25-Feb,korea,korea-blackwood,KR_BW_18,1.4976,219.5,221.5,2,0,2.5,2.5,16.9,19.7,36,51.1,0
02-Feb-25,25-Feb,korea,korea-blackwood,KR_BW_18,1.4976,1695.7,1782.7,1104,1017,2,79.5,16.9,20.3,30.8,47.7,0.921195652
03-Feb-25,25-Feb,korea,korea-blackwood,KR_BW_18,1.4976,1297.8,1347.8,591,541,2,46,16.6,19.5,22.2,39.4,0.915397631
04-Feb-25,25-Feb,korea,korea-blackwood,KR_BW_18,1.4976,948.6,976.6,268,240,2.5,22.5,16.5,19.6,23.7,30.1,0.895522388
05-Feb-25,25-Feb,korea,korea-blackwood,KR_BW_18,1.4976,946,980,389,355,2,32.8,16.5,19.6,22.1,32.2,0.912596401
06-Feb-25,25-Feb,korea,korea-blackwood,KR_BW_18,1.4976,794,832,302,264,2,24.5,16.5,19.7,22.9,31.8,0.874172185
07-Feb-25,25-Feb,korea,korea-blackwood,KR_BW_18,1.4976,695.3,706.3,145,134,1.8,14.5,16.5,19.7,21.8,32.6,0.924137931
08-Feb-25,25-Feb,korea,korea-blackwood,KR_BW_18,1.4976,1084.7,1128.7,415,371,2,34.2,16.4,19.6,21,27.3,0.893975904
09-Feb-25,25-Feb,korea,korea-blackwood,KR_BW_18,1.4976,1171.7,1209.7,426,388,2,35.3,16.6,19.6,23,28.9,0.910798122
10-Feb-25,25-Feb,korea,korea-blackwood,KR_BW_18,1.4976,1366.1,1421.1,632,577,2,49,16.6,19.6,24,29.4,0.912974684
11-Feb-25,25-Feb,korea,korea-blackwood,KR_BW_18,1.4976,2476.9,2564.9,1258,1170,2.5,90,16.4,22.1,22.4,34.8,0.930047695
12-Feb-25,25-Feb,korea,korea-blackwood,KR_BW_18,1.4976,368.9,382.9,14,0,2.5,3.5,15.8,19.7,31.6,54.2,0
13-Feb-25,25-Feb,korea,korea-blackwood,KR_BW_18,1.4976,2350,2429,1247,1168,2.5,90,16.6,22,23.8,36.7,0.936647955
14-Feb-25,25-Feb,korea,korea-blackwood,KR_BW_18,1.4976,1916.4,1981.4,1074,1009,2,79,16.6,21.8,27.4,36.3,0.939478585
15-Feb-25,25-Feb,korea,korea-blackwood,KR_BW_18,1.4976,214.9,214.9,0,0,2.5,3,16.8,19.7,31.3,43.5,0
16-Feb-25,25-Feb,korea,korea-blackwood,KR_BW_18,1.4976,2079.4,2152.4,1141,1068,2.5,83,16.7,20.3,32.8,49.7,0.936021034
17-Feb-25,25-Feb,korea,korea-blackwood,KR_BW_18,1.4976,2406,2485,1252,1173,2.5,90,16.7,22.1,22,46.6,0.936900958
18-Feb-25,25-Feb,korea,korea-blackwood,KR_BW_18,1.4976,2188,2251,1057,994,2,77.5,16.7,21.5,20.2,28.1,0.940397351
19-Feb-25,25-Feb,korea,korea-blackwood,KR_BW_18,1.4976,2102.1,2169.1,1086,1019,2,79.5,16.7,21.8,20.2,27,0.938305709
20-Feb-25,25-Feb,korea,korea-blackwood,KR_BW_18,1.4976,1848.6,1916.6,1071,1003,2,78,16.3,21.7,18.5,26.5,0.936507937
21-Feb-25,25-Feb,korea,korea-blackwood,KR_BW_18,1.4976,1921.3,1983.3,1000,938,2,73.8,16.6,21.4,18.6,25.1,0.938
22-Feb-25,25-Feb,korea,korea-blackwood,KR_BW_18,1.4976,1537.2,1585.2,670,622,2,51.5,16.6,19.6,21.5,29.1,0.928358209
23-Feb-25,25-Feb,korea,korea-blackwood,KR_BW_18,1.4976,1285.8,1326.8,506,465,2,40.5,16.6,19.6,20.1,26.1,0.918972332
24-Feb-25,25-Feb,korea,korea-blackwood,KR_BW_18,1.4976,1429.4,1475.4,546,500,2.5,43,16.6,19.6,20.5,27.3,0.915750916
25-Feb-25,25-Feb,korea,korea-blackwood,KR_BW_18,1.4976,1568.6,1605.6,668,631,2,52.2,16.5,19.6,23.8,33.9,0.944610778
26-Feb-25,25-Feb,korea,korea-blackwood,KR_BW_18,1.4976,2355,2421,1241,1175,2.5,90,16.9,22.1,29.4,41,0.946817083
27-Feb-25,25-Feb,korea,korea-blackwood,KR_BW_18,1.4976,537.7,532.7,75,80,1.5,11,16.6,19.7,30.1,47.7,1.066666667
28-Feb-25,25-Feb,korea,korea-blackwood,KR_BW_18,1.4976,2339.3,2418.3,1253,1174,1.5,90,16.9,22.9,33.5,53.9,0.936951317
01-Mar-25,25-Mar,korea,korea-blackwood,KR_BW_18,1.4976,458,452,80,86,1.5,11.3,17,19.7,36.2,50.7,1.075
02-Mar-25,25-Mar,korea,korea-blackwood,KR_BW_18,1.4976,389.2,413.2,24,0,1.5,3,16.7,19.8,36.8,55,0
03-Mar-25,25-Mar,korea,korea-blackwood,KR_BW_18,1.4976,587.5,598.5,158,147,2,15.8,16.2,19.8,35.6,54.3,0.930379747
04-Mar-25,25-Mar,korea,korea-blackwood,KR_BW_18,1.4976,781.3,823.3,262,220,2,21,17,19.7,36,50.9,0.839694656
05-Mar-25,25-Mar,korea,korea-blackwood,KR_BW_18,1.4976,664.9,685.9,172,151,2,15.5,16.9,19.7,35.5,50.2,0.877906977
06-Mar-25,25-Mar,korea,korea-blackwood,KR_BW_18,1.4976,2399.1,2511.1,1268,1156,2,90,16.9,21.7,28.1,47.4,0.911671924
07-Mar-25,25-Mar,korea,korea-blackwood,KR_BW_18,1.4976,2068.9,2139.9,1241,1170,2.5,90,16.7,22.1,30.5,41,0.942788074
08-Mar-25,25-Mar,korea,korea-blackwood,KR_BW_18,1.4976,1087.7,1116.7,288,259,2.5,24,16.8,19.6,33.9,49.6,0.899305556
09-Mar-25,25-Mar,korea,korea-blackwood,KR_BW_18,1.4976,2629.1,2726.1,1258,1161,2.7,90,16.8,21.8,32.9,48.8,0.922893482
10-Mar-25,25-Mar,korea,korea-blackwood,KR_BW_18,1.4976,474.6,509.6,35,0,3,7,16.7,19.7,34.4,48.7,0
11-Mar-25,25-Mar,korea,korea-blackwood,KR_BW_18,1.4976,1356.9,1389.9,618,585,2.5,50,16.8,19.7,36.5,52.8,0.946601942
12-Mar-25,25-Mar,korea,korea-blackwood,KR_BW_18,1.4976,620.5,620.5,87,87,1.5,11.5,16.4,19.7,35.3,52.3,1
13-Mar-25,25-Mar,korea,korea-blackwood,KR_BW_18,1.4976,1232.7,1322.7,620,530,1.5,46.5,16.7,19.7,32.1,51,0.85483871
14-Mar-25,25-Mar,korea,korea-blackwood,KR_BW_18,1.4976,1872.2,1951.2,1041,962,3,77,17.1,22.1,21.8,46.6,0.924111431
15-Mar-25,25-Mar,korea,korea-blackwood,KR_BW_18,1.4976,1006.6,1048.6,484,442,3,39.5,17,19.7,31,51.8,0.91322314
16-Mar-25,25-Mar,korea,korea-blackwood,KR_BW_18,1.4976,993,997,144,140,2,15,16.6,19.6,24.6,48.6,0.972222222
17-Mar-25,25-Mar,korea,korea-blackwood,KR_BW_18,1.4976,2266.4,2362.4,988,892,2,72,16.4,19.6,21.5,32.4,0.902834008
18-Mar-25,25-Mar,korea,korea-blackwood,KR_BW_18,1.4976,1547.4,1591.4,622,578,2.5,49.3,16.7,19.5,23.3,35.2,0.92926045
19-Mar-25,25-Mar,korea,korea-blackwood,KR_BW_18,1.4976,2738.3,2832.3,1156,1062,3,84,16.7,21.6,23.3,32.1,0.918685121
20-Mar-25,25-Mar,korea,korea-blackwood,KR_BW_18,1.4976,2733.4,2817.4,1248,1164,2.5,90,16.5,22.1,27.5,45.9,0.932692308
21-Mar-25,25-Mar,korea,korea-blackwood,KR_BW_18,1.4976,2682.9,2778.9,1255,1159,3,90,16.7,23.2,33.1,51.3,0.923505976
22-Mar-25,25-Mar,korea,korea-blackwood,KR_BW_18,1.4976,2854.1,2950.1,1251,1155,3,90,16.7,23.2,33.4,52.2,0.923261391
23-Mar-25,25-Mar,korea,korea-blackwood,KR_BW_18,1.4976,2660.2,2747.2,1239,1152,3.1,90,17.1,23.4,33.2,55.2,0.929782082
24-Mar-25,25-Mar,korea,korea-blackwood,KR_BW_18,1.4976,2542.3,2611.3,1235,1166,2.5,90,17.1,23.7,33.2,56.4,0.944129555
25-Mar-25,25-Mar,korea,korea-blackwood,KR_BW_18,1.4976,2491.9,2572.9,1242,1161,2.5,90,16.8,23.7,33.3,53.5,0.934782609
26-Mar-25,25-Mar,korea,korea-blackwood,KR_BW_18,1.4976,2117.1,2195.1,1080,1002,0,79.5,16.9,23.5,33.7,64.6,0.927777778
27-Mar-25,25-Mar,korea,korea-blackwood,KR_BW_18,1.4976,302,337,35,0,3.5,7.6,16.8,20.5,36.2,54.2,0
28-Mar-25,25-Mar,korea,korea-blackwood,KR_BW_18,1.4976,2052.5,2105.5,1050,997,3.2,79.8,16.9,19.7,28.9,48.3,0.94952381
29-Mar-25,25-Mar,korea,korea-blackwood,KR_BW_18,1.4976,1637.9,1683.9,649,603,3,51.5,16.7,19.7,27.7,41.7,0.929121726
30-Mar-25,25-Mar,korea,korea-blackwood,KR_BW_18,1.4976,2428,2489,1158,1097,2.5,85,16.7,21.8,19.6,33.2,0.947322971
31-Mar-25,25-Mar,korea,korea-blackwood,KR_BW_18,1.4976,2674.3,2758.3,1250,1166,3,90,16.6,22,25.7,36.4,0.9328
01-Apr-25,25-Apr,korea,korea-blackwood,KR_BW_18,1.4976,2522.8,2592.8,1244,1174,2.5,90,16.9,22.2,25.2,39.2,0.943729904
02-Apr-25,25-Apr,korea,korea-blackwood,KR_BW_18,1.4976,2883.6,2967.6,1258,1174,2.5,90,16.8,22.3,30,39.9,0.933227345
03-Apr-25,25-Apr,korea,korea-blackwood,KR_BW_18,1.4976,2298.1,2357.1,972,913,2,72,16.9,21.5,32.6,43,0.939300412
04-Apr-25,25-Apr,korea,korea-blackwood,KR_BW_18,1.4976,2592.7,2665.7,1247,1174,2.5,90,16.7,22.4,33.8,49.6,0.941459503
05-Apr-25,25-Apr,korea,korea-blackwood,KR_BW_18,1.4976,1159.4,1166.4,315,308,2,28.6,16.2,20.2,36.7,53.4,0.977777778
06-Apr-25,25-Apr,korea,korea-blackwood,KR_BW_18,1.4976,3073.2,3158.2,1256,1171,2,90,16.9,23,31.8,47.7,0.932324841
07-Apr-25,25-Apr,korea,korea-blackwood,KR_BW_18,1.4976,2822,2898,1250,1174,2.5,90,16.7,23.7,33.4,49.4,0.9392
08-Apr-25,25-Apr,korea,korea-blackwood,KR_BW_18,1.4976,2735.3,2819.3,1258,1174,2.5,90,16.8,23.6,33.3,54,0.933227345
09-Apr-25,25-Apr,korea,korea-blackwood,KR_BW_18,1.4976,1902,1971,1048,979,2.5,77,16.8,23.2,33.4,54.3,0.934160305
10-Apr-25,25-Apr,korea,korea-blackwood,KR_BW_18,1.4976,2581.5,2665.5,1258,1174,2.5,90,16.9,23.4,33.1,51.2,0.933227345
11-Apr-25,25-Apr,korea,korea-blackwood,KR_BW_18,1.4976,2688.1,2777.1,1258,1169,2.5,90,16.7,23.7,32.7,54,0.929252782
12-Apr-25,25-Apr,korea,korea-blackwood,KR_BW_18,1.4976,546.4,577.4,276,245,2.5,23,16.8,21.6,36.1,56.5,0.887681159
13-Apr-25,25-Apr,korea,korea-blackwood,KR_BW_18,1.4976,2543.6,2619.6,900,824,2.5,65.5,17,20.9,30.1,49,0.915555556
14-Apr-25,25-Apr,korea,korea-blackwood,KR_BW_18,1.4976,2917.3,3004.3,1254,1167,2.4,90,16.9,23.4,32.4,51.7,0.93062201
15-Apr-25,25-Apr,korea,korea-blackwood,KR_BW_18,1.4976,3054,3145,1260,1169,2.5,90.1,17,23.4,32.8,48.8,0.927777778
16-Apr-25,25-Apr,korea,korea-blackwood,KR_BW_18,1.4976,2577.7,2665.7,1256,1168,2.5,90.1,16.9,23.8,32.6,53.3,0.929936306
17-Apr-25,25-Apr,korea,korea-blackwood,KR_BW_18,1.4976,562.4,595.4,286,253,2.5,23.5,16.7,21.6,36.7,59.4,0.884615385
18-Apr-25,25-Apr,korea,korea-blackwood,KR_BW_18,1.4976,1045.8,1100.8,590,535,2,46,16.9,19.7,37.5,54.9,0.906779661
19-Apr-25,25-Apr,korea,korea-blackwood,KR_BW_18,1.4976,1422.6,1490.6,843,775,2.5,62,17,22.1,35.9,54.9,0.919335706
20-Apr-25,25-Apr,korea,korea-blackwood,KR_BW_18,1.4976,1098.9,1151.9,646,593,2,50,17.5,22.1,37.5,53.1,0.917956656
21-Apr-25,25-Apr,korea,korea-blackwood,KR_BW_18,1.4976,2821,2918,1265,1168,2,90.5,17.3,24.2,32.5,52,0.923320158
22-Apr-25,25-Apr,korea,korea-blackwood,KR_BW_18,1.4976,505.6,529.6,214,190,2.5,18.5,16.7,22,34.2,55.3,0.887850467
23-Apr-25,25-Apr,korea,korea-blackwood,KR_BW_18,1.4976,1547.8,1602.8,713,658,2,54.5,16.3,19.7,36.7,54.1,0.92286115
24-Apr-25,25-Apr,korea,korea-blackwood,KR_BW_18,1.4976,2896,2991,1263,1168,2,90.4,16.9,23.7,32.3,52,0.924782264
25-Apr-25,25-Apr,korea,korea-blackwood,KR_BW_18,1.4976,2576.6,2663.6,1257,1170,2,90.4,17.3,23.4,30.3,54.6,0.930787589
26-Apr-25,25-Apr,korea,korea-blackwood,KR_BW_18,1.4976,3021.1,3116.1,1264,1169,2,90.5,16.9,23.6,31.9,52.2,0.924841772
27-Apr-25,25-Apr,korea,korea-blackwood,KR_BW_18,1.4976,1934,2011,1079,1002,2,79,17,23.6,32.7,57.2,0.928637627
28-Apr-25,25-Apr,korea,korea-blackwood,KR_BW_18,1.4976,2778.7,2870.7,1253,1161,2.5,90,16.9,23.6,32.7,51.7,0.926576217
29-Apr-25,25-Apr,korea,korea-blackwood,KR_BW_18,1.4976,3069.4,3163.4,1258,1164,2.5,90,16.8,23.7,33.3,55.2,0.925278219
30-Apr-25,25-Apr,korea,korea-blackwood,KR_BW_18,1.4976,3000.9,3084.9,1253,1169,2.5,90,17.1,23.9,32.7,54.6,0.932960894
01-May-25,25-May,korea,korea-blackwood,KR_BW_18,1.4976,348.8,357.8,135,126,1.5,14,16.7,21.7,34.6,55,0.933333333
02-May-25,25-May,korea,korea-blackwood,KR_BW_18,1.4976,3121.1,3219.1,1270,1172,2,90,16.9,23.3,33.4,49.2,0.922834646
03-May-25,25-May,korea,korea-blackwood,KR_BW_18,1.4976,1370.3,1408.3,494,456,2.5,40,16.8,20.8,36.5,54.8,0.923076923
04-May-25,25-May,korea,korea-blackwood,KR_BW_18,1.4976,3201.5,3286.5,1257,1172,2.5,90,16.8,23.7,33.1,48.6,0.932378679
05-May-25,25-May,korea,korea-blackwood,KR_BW_18,1.4976,774.5,794.5,272,252,2.5,23.5,16.8,21.2,35.8,49.8,0.926470588
06-May-25,25-May,korea,korea-blackwood,KR_BW_18,1.4976,1190.2,1232.2,625,583,2.4,49.5,17,19.8,36.7,52,0.9328
07-May-25,25-May,korea,korea-blackwood,KR_BW_18,1.4976,2927.3,2998.3,1244,1173,2.5,90,16.8,23.7,33.3,53,0.942926045
08-May-25,25-May,korea,korea-blackwood,KR_BW_18,1.4976,2497.9,2564.9,1238,1171,2.5,90,17,23.9,33,56.7,0.945880452
09-May-25,25-May,korea,korea-blackwood,KR_BW_18,1.4976,154.7,185.7,31,0,2.5,3.5,16.8,21.7,35,55,0
10-May-25,25-May,korea,korea-blackwood,KR_BW_18,1.4976,1695.3,1763.3,778,710,2.3,58,16.9,19.7,36.9,51,0.912596401
11-May-25,25-May,korea,korea-blackwood,KR_BW_18,1.4976,2007.4,2089.4,1140,1058,2.5,82.5,16.7,23.4,33.6,55.7,0.928070175
12-May-25,25-May,korea,korea-blackwood,KR_BW_18,1.4976,2907.7,2991.7,1258,1174,2.5,90,17,24.1,32.9,54.1,0.933227345
13-May-25,25-May,korea,korea-blackwood,KR_BW_18,1.4976,2900.9,2983.9,1256,1173,2.5,90,17,24.1,32.6,53.4,0.933917197
14-May-25,25-May,korea,korea-blackwood,KR_BW_18,1.4976,1880.6,1947.6,878,811,2.5,64,17.4,23.5,33.7,60,0.923690205
15-May-25,25-May,korea,korea-blackwood,KR_BW_18,1.4976,1056.7,1095.7,482,443,2,38.5,17.5,20.7,37.7,54,0.919087137
16-May-25,25-May,korea,korea-blackwood,KR_BW_18,1.4976,238.4,253.4,76,61,1.5,9.5,17,20,37.2,54.8,0.802631579
17-May-25,25-May,korea,korea-blackwood,KR_BW_18,1.4976,1903.7,1992.7,1105,1016,1.5,79.5,16.7,23.1,33.4,56.2,0.919457014
18-May-25,25-May,korea,korea-blackwood,KR_BW_18,1.4976,2220.5,2305.5,1210,1125,2,87.5,16.7,23.7,33.4,54,0.929752066
19-May-25,25-May,korea,korea-blackwood,KR_BW_18,1.4976,2718.1,2810.1,1260,1168,2,90.3,17.2,24.2,32.8,55,0.926984127
20-May-25,25-May,korea,korea-blackwood,KR_BW_18,1.4976,1118.9,1172.9,644,590,2,50,17.2,22.5,34.2,55.3,0.916149068
21-May-25,25-May,korea,korea-blackwood,KR_BW_18,1.4976,444.7,456.7,79,67,1.5,10,17.5,20.5,39.1,53.5,0.848101266
22-May-25,25-May,korea,korea-blackwood,KR_BW_18,1.4976,2493.5,2609.5,1270,1154,1.5,90,17.3,24,33.4,53.4,0.908661417
23-May-25,25-May,korea,korea-blackwood,KR_BW_18,1.4976,532.1,554.1,254,232,2.5,22,17.4,21.6,35.5,54.3,0.913385827
24-May-25,25-May,korea,korea-blackwood,KR_BW_18,1.4976,1715.8,1785.8,793,723,2,59,16.8,19.7,38.1,55,0.911727617
25-May-25,25-May,korea,korea-blackwood,KR_BW_18,1.4976,2866.2,2962.2,1263,1167,2.5,90.3,17.1,23.9,32.2,53.7,0.923990499
26-May-25,25-May,korea,korea-blackwood,KR_BW_18,1.4976,2774.5,2864.5,1257,1167,2.5,90.1,16.7,24.1,32.2,53,0.928400955
27-May-25,25-May,korea,korea-blackwood,KR_BW_18,1.4976,2734.4,2823.4,1256,1167,2.5,90.1,17.3,24.2,32.2,57.7,0.929140127
28-May-25,25-May,korea,korea-blackwood,KR_BW_18,1.4976,2145.1,2225.1,1239,1159,2.5,89.9,17.1,24.2,32.5,51,0.9354318
29-May-25,25-May,korea,korea-blackwood,KR_BW_18,1.4976,2758.9,2851.9,1258,1165,2.5,90.1,17.3,24.1,31.4,54.5,0.926073132
30-May-25,25-May,korea,korea-blackwood,KR_BW_18,1.4976,2726.2,2819.2,1256,1163,2.5,90,17.1,24.2,32.3,57.8,0.925955414
31-May-25,25-May,korea,korea-blackwood,KR_BW_18,1.4976,2092.9,2162.9,989,919,2,73.5,17,23.7,33.4,57.2,0.929221436
01-Jun-25,25-Jun,korea,korea-blackwood,KR_BW_18,1.4976,2642.8,2727.8,1248,1163,2.5,90,17.2,24.5,31.3,51.2,0.931891026
02-Jun-25,25-Jun,korea,korea-blackwood,KR_BW_18,1.4976,766.9,803.9,476,439,2,38.5,17,22.6,33.5,55.8,0.922268908
03-Jun-25,25-Jun,korea,korea-blackwood,KR_BW_18,1.4976,2685.1,2762.1,876,799,2.5,64.3,17.4,23.1,33.6,52.4,0.912100457
04-Jun-25,25-Jun,korea,korea-blackwood,KR_BW_18,1.4976,2643.2,2731.2,1251,1163,2,90,17.1,24.2,32.3,52.5,0.929656275
05-Jun-25,25-Jun,korea,korea-blackwood,KR_BW_18,1.4976,2900.2,2984.2,1258,1174,2,90.3,17,24.5,31.4,52.4,0.933227345
06-Jun-25,25-Jun,korea,korea-blackwood,KR_BW_18,1.4976,1913.1,1969.1,886,830,2.5,65.5,17.3,24.2,32.7,52.1,0.936794582
07-Jun-25,25-Jun,korea,korea-blackwood,KR_BW_18,1.4976,975,997,436,414,2,36.5,18.6,21,38.8,50.2,0.949541284
08-Jun-25,25-Jun,korea,korea-blackwood,KR_BW_18,1.4976,714.7,741.7,286,259,2,24,17.9,20.7,39.5,53.8,0.905594406
09-Jun-25,25-Jun,korea,korea-blackwood,KR_BW_18,1.4976,1550.8,1591.8,621,580,2,49,17.7,20.8,39.2,53.2,0.933977456
10-Jun-25,25-Jun,korea,korea-blackwood,KR_BW_18,1.4976,1097.6,1125.6,435,407,2,36,17.2,20.5,39.2,53.9,0.935632184
11-Jun-25,25-Jun,korea,korea-blackwood,KR_BW_18,1.4976,2508.3,2579.3,1249,1178,2,90.5,17.7,24.4,31.1,51.2,0.943154524
12-Jun-25,25-Jun,korea,korea-blackwood,KR_BW_18,1.4976,643.9,682.9,301,262,2,24.3,17.2,22.9,33.3,61.1,0.870431894
13-Jun-25,25-Jun,korea,korea-blackwood,KR_BW_18,1.4976,1190.8,1242.8,663,611,2,50.5,17.7,21.8,39.7,46.5,0.921568627
14-Jun-25,25-Jun,korea,korea-blackwood,KR_BW_18,1.4976,858.7,897.7,358,319,1.5,29.5,17.2,20.7,40,53,0.891061453
15-Jun-25,25-Jun,korea,korea-blackwood,KR_BW_18,1.4976,825,878,476,423,2,37.5,17.8,20.7,40,53.3,0.888655462
16-Jun-25,25-Jun,korea,korea-blackwood,KR_BW_18,1.4976,1828.7,1909.7,907,826,2.5,65.5,18.3,24.1,33.3,53.7,0.910694598
17-Jun-25,25-Jun,korea,korea-blackwood,KR_BW_18,1.4976,2322,2399,1118,1041,2,81.5,18.6,24.7,32,46.7,0.931127013
18-Jun-25,25-Jun,korea,korea-blackwood,KR_BW_18,1.4976,1978.8,2053.8,1055,980,2,77,17.3,24.4,32.1,53.3,0.928909953
19-Jun-25,25-Jun,korea,korea-blackwood,KR_BW_18,1.4976,1548.4,1606.4,695,637,2,52.5,19.3,24.3,34.8,49.8,0.916546763
20-Jun-25,25-Jun,korea,korea-blackwood,KR_BW_18,1.4976,562.7,598.7,266,230,2.2,21.5,19,20.9,39.7,49.2,0.864661654
21-Jun-25,25-Jun,korea,korea-blackwood,KR_BW_18,1.4976,383.9,401.9,149,131,1.5,14,18.7,20.7,40.3,53.5,0.879194631
22-Jun-25,25-Jun,korea,korea-blackwood,KR_BW_18,1.4976,1445.2,1519.2,837,763,1.5,61.5,18.5,22.6,38.8,52.9,0.911589008
23-Jun-25,25-Jun,korea,korea-blackwood,KR_BW_18,1.4976,1940.4,2006.4,1049,983,2,77,17.3,24.5,33.9,51.1,0.937082936
24-Jun-25,25-Jun,korea,korea-blackwood,KR_BW_18,1.4976,820.1,855.1,369,334,1.5,30.5,18.6,22.1,38.7,51.5,0.905149051
25-Jun-25,25-Jun,korea,korea-blackwood,KR_BW_18,1.4976,2355.2,2437.2,1106,1024,2,80,17.7,24.8,33.6,48.7,0.925858951
26-Jun-25,25-Jun,korea,korea-blackwood,KR_BW_18,1.4976,2761.9,2855.9,1263,1169,2,90.5,17.8,25.1,34.5,50.9,0.92557403
27-Jun-25,25-Jun,korea,korea-blackwood,KR_BW_18,1.4976,2091,2165,1035,961,2,76,19.1,24.6,33.7,52.7,0.928502415
28-Jun-25,25-Jun,korea,korea-blackwood,KR_BW_18,1.4976,2093.3,2180.3,1193,1106,2.4,86.5,19.2,25,33.4,52.6,0.927074602
29-Jun-25,25-Jun,korea,korea-blackwood,KR_BW_18,1.4976,2743,2835,1257,1165,2.5,90,19.4,25,31.9,51.5,0.926809865
30-Jun-25,25-Jun,korea,korea-blackwood,KR_BW_18,1.4976,2857,2949,1254,1162,2.5,90,19.7,25.1,31.7,51,0.926809865
01-Jan-25,25-Jan,korea,korea-blackwood,KR_BW_36,0.832,1146.9,1167.9,677,656,2.5,90,16.2,22.9,27.6,42.2,0.968980798
02-Jan-25,25-Jan,korea,korea-blackwood,KR_BW_36,0.832,826.6,838.6,516,504,2.5,71.5,16.1,22.1,28.6,44.7,0.976744186
03-Jan-25,25-Jan,korea,korea-blackwood,KR_BW_36,0.832,1016.7,1064.7,693,645,3,90,16.3,22.4,25.3,44.3,0.930735931
04-Jan-25,25-Jan,korea,korea-blackwood,KR_BW_36,0.832,962.6,995.6,646,613,3,85.5,16,22.5,25.4,38.7,0.948916409
05-Jan-25,25-Jan,korea,korea-blackwood,KR_BW_36,0.832,125.4,138.4,13,0,3.5,7,16.2,19.9,29.9,51.6,0
06-Jan-25,25-Jan,korea,korea-blackwood,KR_BW_36,0.832,481.6,487.6,272,266,3,41.5,16,19.9,29.3,52.7,0.977941176
07-Jan-25,25-Jan,korea,korea-blackwood,KR_BW_36,0.832,529.4,542.4,245,232,2.5,37,16,19.9,26.5,40.5,0.946938776
08-Jan-25,25-Jan,korea,korea-blackwood,KR_BW_36,0.832,222.8,212.8,34,44,1,10.5,16.1,19.9,27.9,45.6,1.294117647
09-Jan-25,25-Jan,korea,korea-blackwood,KR_BW_36,0.832,379.2,402.2,162,139,1,23,15.7,19.9,26.1,41.6,0.858024691
10-Jan-25,25-Jan,korea,korea-blackwood,KR_BW_36,0.832,366.9,378.9,181,169,2,29,15.7,19.9,26.4,42.6,0.933701657
11-Jan-25,25-Jan,korea,korea-blackwood,KR_BW_36,0.832,283.3,285.3,79,77,2,14.5,15.8,19.9,31.3,45,0.974683544
12-Jan-25,25-Jan,korea,korea-blackwood,KR_BW_36,0.832,555.6,587.6,354,322,2,49.5,15.9,19.9,31.4,45,0.90960452
13-Jan-25,25-Jan,korea,korea-blackwood,KR_BW_36,0.832,630.5,648.5,368,350,2.5,51.5,16,19.9,32.5,50.6,0.951086957
14-Jan-25,25-Jan,korea,korea-blackwood,KR_BW_36,0.832,775.1,814.1,562,523,3,74.5,16.2,21.8,33.9,55.9,0.930604982
15-Jan-25,25-Jan,korea,korea-blackwood,KR_BW_36,0.832,544.3,557.3,277,264,3,41,16,19.9,27.4,52,0.953068592
16-Jan-25,25-Jan,korea,korea-blackwood,KR_BW_36,0.832,255.2,256.2,95,94,2.5,17,16.1,19.9,28.1,40.3,0.989473684
17-Jan-25,25-Jan,korea,korea-blackwood,KR_BW_36,0.832,935.3,986.3,697,646,2.5,90,16.1,22,26.9,41.5,0.926829268
18-Jan-25,25-Jan,korea,korea-blackwood,KR_BW_36,0.832,943.5,972.5,659,630,2.5,87,16.1,22.5,28.7,46.3,0.95599393
19-Jan-25,25-Jan,korea,korea-blackwood,KR_BW_36,0.832,968.3,983.3,15,0,3,6.5,16,19.9,32.8,47.8,0
20-Jan-25,25-Jan,korea,korea-blackwood,KR_BW_36,0.832,881.8,906.8,628,603,2.5,84,16.1,21.6,28.9,47.6,0.960191083
21-Jan-25,25-Jan,korea,korea-blackwood,KR_BW_36,0.832,1140.3,1186.3,692,646,3,90,16,22.5,27.7,46.3,0.933526012
22-Jan-25,25-Jan,korea,korea-blackwood,KR_BW_36,0.832,639.1,650.1,354,343,2.5,51,16.2,19.9,31.8,51.2,0.968926554
23-Jan-25,25-Jan,korea,korea-blackwood,KR_BW_36,0.832,959.5,999.5,663,623,3,87,16.3,22.5,31.9,54.4,0.939668175
24-Jan-25,25-Jan,korea,korea-blackwood,KR_BW_36,0.832,773.7,800.7,538,511,3,72.6,16.5,22.1,32.3,55.2,0.949814126
25-Jan-25,25-Jan,korea,korea-blackwood,KR_BW_36,0.832,1060.3,1105.3,691,646,3.2,90,16.3,22.8,30.1,51.5,0.93487699
26-Jan-25,25-Jan,korea,korea-blackwood,KR_BW_36,0.832,442.4,448.4,239,233,2.5,37,16.4,19.9,33.6,49.7,0.974895397
27-Jan-25,25-Jan,korea,korea-blackwood,KR_BW_36,0.832,391.7,402.7,215,204,2,33.5,16,19.9,30.6,53.9,0.948837209
28-Jan-25,25-Jan,korea,korea-blackwood,KR_BW_36,0.832,375,386,158,147,2.5,24.5,16,20,29.3,42.8,0.930379747
29-Jan-25,25-Jan,korea,korea-blackwood,KR_BW_36,0.832,460.3,473.3,198,185,2.5,31.5,16.1,20,29.1,41,0.934343434
30-Jan-25,25-Jan,korea,korea-blackwood,KR_BW_36,0.832,1247.7,1291.7,691,647,3,90,15.9,22.1,30.1,47.2,0.936324168
31-Jan-25,25-Jan,korea,korea-blackwood,KR_BW_36,0.832,322.8,324.8,158,156,2,26,16.5,20,33.9,56.1,0.987341772
01-Feb-25,25-Feb,korea,korea-blackwood,KR_BW_36,0.832,118.8,122.8,4,0,2.5,3,16.3,20,35.7,55.4,0
02-Feb-25,25-Feb,korea,korea-blackwood,KR_BW_36,0.832,898.9,939.9,660,619,3,86,16.3,21.5,32.9,55.1,0.937878788
03-Feb-25,25-Feb,korea,korea-blackwood,KR_BW_36,0.832,809,844,554,519,3,74,16.3,21.3,27.7,53.2,0.936823105
04-Feb-25,25-Feb,korea,korea-blackwood,KR_BW_36,0.832,580.6,598.6,275,257,3.2,41.5,16,20,28.3,40.2,0.934545455
05-Feb-25,25-Feb,korea,korea-blackwood,KR_BW_36,0.832,522.9,531.9,274,265,2.5,41,16,19.9,28.3,41.3,0.967153285
06-Feb-25,25-Feb,korea,korea-blackwood,KR_BW_36,0.832,445.9,460.9,249,234,2.5,37.5,15.9,20,30,45.3,0.939759036
07-Feb-25,25-Feb,korea,korea-blackwood,KR_BW_36,0.832,373.7,380.7,116,109,2.5,19,15.6,19.9,26.2,45.6,0.939655172
08-Feb-25,25-Feb,korea,korea-blackwood,KR_BW_36,0.832,491.3,510.3,242,223,2.5,36.5,15.7,19.9,26.2,38.6,0.921487603
09-Feb-25,25-Feb,korea,korea-blackwood,KR_BW_36,0.832,738.5,760.5,417,395,2.5,58,15.8,19.9,29.3,42.4,0.947242206
10-Feb-25,25-Feb,korea,korea-blackwood,KR_BW_36,0.832,806.9,829.9,465,442,3,63.2,16,21.2,28.2,43.4,0.950537634
11-Feb-25,25-Feb,korea,korea-blackwood,KR_BW_36,0.832,1313,1351,684,646,3.4,90,15.8,22.7,28.4,45.7,0.944444444
12-Feb-25,25-Feb,korea,korea-blackwood,KR_BW_36,0.832,264.9,254.9,72,82,2,15,16.1,19.9,33.2,56.5,1.138888889
13-Feb-25,25-Feb,korea,korea-blackwood,KR_BW_36,0.832,1338.4,1387.4,696,647,2,90,15.9,22.1,28.9,49.1,0.929597701
14-Feb-25,25-Feb,korea,korea-blackwood,KR_BW_36,0.832,902,939,567,530,3,76.5,16,22,32.3,54,0.934744268
15-Feb-25,25-Feb,korea,korea-blackwood,KR_BW_36,0.832,94.6,103.6,9,0,3.5,5,16.2,19.9,35.4,56.9,0
16-Feb-25,25-Feb,korea,korea-blackwood,KR_BW_36,0.832,1106,1143,673,636,3,90,16,22,33.2,54.5,0.945022288
17-Feb-25,25-Feb,korea,korea-blackwood,KR_BW_36,0.832,1290.4,1338.4,688,640,3,90,16.1,22.3,26.3,53.2,0.930232558
18-Feb-25,25-Feb,korea,korea-blackwood,KR_BW_36,0.832,1203.5,1255.5,686,634,3,90,16.1,21.9,24.6,39.2,0.924198251
19-Feb-25,25-Feb,korea,korea-blackwood,KR_BW_36,0.832,1262.4,1311.4,685,636,3,90,16.1,21.9,24.2,35.4,0.928467153
20-Feb-25,25-Feb,korea,korea-blackwood,KR_BW_36,0.832,1063.3,1102.3,679,640,2.5,90,16,22.5,20.8,33.7,0.942562592
21-Feb-25,25-Feb,korea,korea-blackwood,KR_BW_36,0.832,1189.9,1245.9,689,633,3,90,16,22.1,22.1,30.7,0.918722787
22-Feb-25,25-Feb,korea,korea-blackwood,KR_BW_36,0.832,891,922,549,518,3,75,15.9,22,23.4,34.6,0.943533698
23-Feb-25,25-Feb,korea,korea-blackwood,KR_BW_36,0.832,803.4,839.4,484,448,3,64.5,16,21.1,22.6,31.1,0.925619835
24-Feb-25,25-Feb,korea,korea-blackwood,KR_BW_36,0.832,945.5,982.5,550,513,3,74.5,15.9,21.3,22.5,31.9,0.932727273
25-Feb-25,25-Feb,korea,korea-blackwood,KR_BW_36,0.832,823.7,850.7,452,425,2.9,61.5,15.9,21.4,25.3,40.5,0.940265487
26-Feb-25,25-Feb,korea,korea-blackwood,KR_BW_36,0.832,1243.5,1290.5,687,640,3,90,16,22.6,27.9,45.4,0.931586608
27-Feb-25,25-Feb,korea,korea-blackwood,KR_BW_36,0.832,278.1,269.1,54,63,1.5,13,15.9,20,31.7,57,1.166666667
28-Feb-25,25-Feb,korea,korea-blackwood,KR_BW_36,0.832,1174.1,1233.1,696,637,1.5,90,16.5,22.2,34.6,54.7,0.915229885
01-Mar-25,25-Mar,korea,korea-blackwood,KR_BW_36,0.832,138.5,150.5,12,0,3.5,6.5,16.7,20,37.1,54.8,0
02-Mar-25,25-Mar,korea,korea-blackwood,KR_BW_36,0.832,141,145,4,0,6,7.5,16.6,20,37.7,54.4,0
03-Mar-25,25-Mar,korea,korea-blackwood,KR_BW_36,0.832,258.4,240.4,65,83,2,16.1,16.2,20.1,35.3,55.9,1.276923077
04-Mar-25,25-Mar,korea,korea-blackwood,KR_BW_36,0.832,369.5,378.5,111,102,2,19,16.2,20,35.4,55.5,0.918918919
05-Mar-25,25-Mar,korea,korea-blackwood,KR_BW_36,0.832,768,811,554,511,2.5,74,16.2,20,35.8,55.6,0.922382671
06-Mar-25,25-Mar,korea,korea-blackwood,KR_BW_36,0.832,1335,1377,685,643,2.5,90,16.4,22.3,31.2,54.3,0.938686131
07-Mar-25,25-Mar,korea,korea-blackwood,KR_BW_36,0.832,1161.4,1208.4,685,638,3,90,16.4,22.8,32.5,53.1,0.931386861
08-Mar-25,25-Mar,korea,korea-blackwood,KR_BW_36,0.832,557.2,568.2,231,220,2.5,35.5,16.3,19.9,35.2,54.7,0.952380952
09-Mar-25,25-Mar,korea,korea-blackwood,KR_BW_36,0.832,1339.8,1411.8,686,614,3,90,16.2,21.8,32.8,54.4,0.895043732
10-Mar-25,25-Mar,korea,korea-blackwood,KR_BW_36,0.832,236.8,217.8,21,40,1,10,16.5,20,35.1,54.3,1.904761905
11-Mar-25,25-Mar,korea,korea-blackwood,KR_BW_36,0.832,492,528,266,230,1,38,16.5,20,36.7,55.2,0.864661654
12-Mar-25,25-Mar,korea,korea-blackwood,KR_BW_36,0.832,286.6,275.6,51,62,1.5,13.5,16.4,19.9,36,54.4,1.215686275
13-Mar-25,25-Mar,korea,korea-blackwood,KR_BW_36,0.832,589.8,621.8,333,301,1.5,48.4,17,19.9,35.7,52.8,0.903903904
14-Mar-25,25-Mar,korea,korea-blackwood,KR_BW_36,0.832,947.4,1001.4,571,517,3.5,78,17,21.4,34.2,52.1,0.905429072
15-Mar-25,25-Mar,korea,korea-blackwood,KR_BW_36,0.832,500.4,507.4,257,250,3,41,16.8,19.7,35.4,53.2,0.972762646
16-Mar-25,25-Mar,korea,korea-blackwood,KR_BW_36,0.832,596.4,607.4,147,136,3,24,16.6,19.7,30.3,52.6,0.925170068
17-Mar-25,25-Mar,korea,korea-blackwood,KR_BW_36,0.832,1301.9,1358.9,674,617,3,90,16.6,21.4,29.5,47.5,0.915430267
18-Mar-25,25-Mar,korea,korea-blackwood,KR_BW_36,0.832,865.5,899.5,489,455,3,68,16.4,21.3,28.9,48.9,0.930470348
19-Mar-25,25-Mar,korea,korea-blackwood,KR_BW_36,0.832,1379.7,1407.7,678,650,3,90,16.7,21.9,29.1,43.8,0.958702065
20-Mar-25,25-Mar,korea,korea-blackwood,KR_BW_36,0.832,1413.5,1449.5,688,652,3,90,16.6,22.5,32.4,54.8,0.947674419
21-Mar-25,25-Mar,korea,korea-blackwood,KR_BW_36,0.832,1417.1,1454.1,692,655,2.5,90,17.1,22.6,32.5,52,0.946531792
22-Mar-25,25-Mar,korea,korea-blackwood,KR_BW_36,0.832,1477.9,1518.9,693,652,3,90,16.9,22.6,33.4,52.4,0.940836941
23-Mar-25,25-Mar,korea,korea-blackwood,KR_BW_36,0.832,1373.4,1416.4,691,648,3.4,90,17.1,22.8,33.9,52.3,0.937771346
24-Mar-25,25-Mar,korea,korea-blackwood,KR_BW_36,0.832,1313.8,1349.8,682,646,3,89.5,17.3,22.9,32.6,51.6,0.947214076
25-Mar-25,25-Mar,korea,korea-blackwood,KR_BW_36,0.832,1270.9,1308.9,685,647,3,90,17.1,22.9,33,52.2,0.944525547
26-Mar-25,25-Mar,korea,korea-blackwood,KR_BW_36,0.832,606.2,625.2,321,302,3.2,47,17.2,21,34.8,52,0.940809969
27-Mar-25,25-Mar,korea,korea-blackwood,KR_BW_36,0.832,185,171,41,55,1,12,16.9,19.8,35.7,54.5,1.341463415
28-Mar-25,25-Mar,korea,korea-blackwood,KR_BW_36,0.832,1068.8,1125.8,704,647,1,90,16.7,21.5,33.4,53.7,0.919034091
29-Mar-25,25-Mar,korea,korea-blackwood,KR_BW_36,0.832,845.3,867.3,426,404,3,59.4,16.6,19.7,34,51.9,0.948356808
30-Mar-25,25-Mar,korea,korea-blackwood,KR_BW_36,0.832,1269.3,1309.3,686,646,3,90,16.5,21.8,29.2,50,0.941690962
31-Mar-25,25-Mar,korea,korea-blackwood,KR_BW_36,0.832,1380.8,1413.8,685,652,2.5,90,16.7,22.5,31,46.9,0.951824818
01-Apr-25,25-Apr,korea,korea-blackwood,KR_BW_36,0.832,1269.7,1304.7,690,655,2.5,90,16.9,22.4,29.3,48.1,0.949275362
02-Apr-25,25-Apr,korea,korea-blackwood,KR_BW_36,0.832,1486,1523,691,654,2.5,90,16.8,22.5,29.9,48.1,0.946454414
03-Apr-25,25-Apr,korea,korea-blackwood,KR_BW_36,0.832,1373.1,1398.1,582,557,2.5,77.5,16.8,21.8,31.6,51.3,0.957044674
04-Apr-25,25-Apr,korea,korea-blackwood,KR_BW_36,0.832,1324.6,1364.6,691,651,2.5,90,16.8,22.6,33.1,54.8,0.94211288
05-Apr-25,25-Apr,korea,korea-blackwood,KR_BW_36,0.832,571.3,576.3,147,142,2.5,24,17.1,19.8,35.9,52.3,0.965986395
06-Apr-25,25-Apr,korea,korea-blackwood,KR_BW_36,0.832,1583.5,1624.5,691,650,2.5,90,16.8,22.3,31.9,52,0.940665702
07-Apr-25,25-Apr,korea,korea-blackwood,KR_BW_36,0.832,1424.5,1467.5,691,648,2.5,90,16.8,22.8,32.7,51.4,0.937771346
08-Apr-25,25-Apr,korea,korea-blackwood,KR_BW_36,0.832,1419,1454,691,656,2.5,90,17.2,22.8,32.4,51.6,0.94934877
09-Apr-25,25-Apr,korea,korea-blackwood,KR_BW_36,0.832,992.1,1021.1,552,523,2.5,74,17,22.5,34.7,51.9,0.947463768
10-Apr-25,25-Apr,korea,korea-blackwood,KR_BW_36,0.832,1332.5,1372.5,690,650,2.5,90,17.1,22.6,33.1,52.3,0.942028986
11-Apr-25,25-Apr,korea,korea-blackwood,KR_BW_36,0.832,1390,1430,687,647,2.5,90,17,22.8,33.8,52.1,0.941775837
12-Apr-25,25-Apr,korea,korea-blackwood,KR_BW_36,0.832,261.1,253.1,86,94,2,16.5,16.9,20.8,36,56.3,1.093023256
13-Apr-25,25-Apr,korea,korea-blackwood,KR_BW_36,0.832,1323.1,1347.1,433,409,2.5,59.7,16.8,19.8,35.3,54.3,0.944572748
14-Apr-25,25-Apr,korea,korea-blackwood,KR_BW_36,0.832,1499.7,1544.7,689,644,2.5,90,17,22.3,32.3,52.1,0.934687954
15-Apr-25,25-Apr,korea,korea-blackwood,KR_BW_36,0.832,1584.3,1621.3,689,652,2.5,90,16.8,22.7,33,51.9,0.946298984
16-Apr-25,25-Apr,korea,korea-blackwood,KR_BW_36,0.832,1353.9,1386.9,684,651,2.5,90,17,22.7,33.4,52.4,0.951754386
17-Apr-25,25-Apr,korea,korea-blackwood,KR_BW_36,0.832,216.3,201.3,38,53,1,11.5,17.3,20.4,36.4,51.5,1.394736842
18-Apr-25,25-Apr,korea,korea-blackwood,KR_BW_36,0.832,473.2,491.2,205,187,1,31.5,17.3,19.8,37.2,52.4,0.912195122
19-Apr-25,25-Apr,korea,korea-blackwood,KR_BW_36,0.832,547.3,549.3,272,270,2.5,41.7,17.4,19.8,37.3,51.8,0.992647059
20-Apr-25,25-Apr,korea,korea-blackwood,KR_BW_36,0.832,556.6,566.6,211,201,2,33,17.2,19.8,37.7,53.7,0.952606635
21-Apr-25,25-Apr,korea,korea-blackwood,KR_BW_36,0.832,1303.5,1350.5,689,642,2.5,90,17.4,22.8,34.3,52.8,0.931785196
22-Apr-25,25-Apr,korea,korea-blackwood,KR_BW_36,0.832,270.4,266.4,80,84,2,15.5,17.4,19.8,37.3,54.2,1.05
23-Apr-25,25-Apr,korea,korea-blackwood,KR_BW_36,0.832,761.6,781.6,296,276,2,42.5,16.9,19.8,36.6,55.8,0.932432432
24-Apr-25,25-Apr,korea,korea-blackwood,KR_BW_36,0.832,1116.5,1545.5,691,262,3,90,17.2,19.8,36.2,51.3,0.379160637
25-Apr-25,25-Apr,korea,korea-blackwood,KR_BW_36,0.832,1705.1,1351.1,642,996,0,85.5,0,22.7,0,51.2,1.551401869
26-Apr-25,25-Apr,korea,korea-blackwood,KR_BW_36,0.832,1578.6,1624.6,695,649,2.5,90,16.9,22.7,32.8,51.7,0.93381295
27-Apr-25,25-Apr,korea,korea-blackwood,KR_BW_36,0.832,993.2,1026.2,529,496,2.5,71.5,17.1,22.5,34.4,52,0.937618147
28-Apr-25,25-Apr,korea,korea-blackwood,KR_BW_36,0.832,1452.4,1502.4,692,642,2.5,90,17.2,22.7,33.1,52.8,0.927745665
29-Apr-25,25-Apr,korea,korea-blackwood,KR_BW_36,0.832,1587,1639,692,640,2.5,90,17.1,22.9,32.4,51.6,0.924855491
30-Apr-25,25-Apr,korea,korea-blackwood,KR_BW_36,0.832,1539.2,1575.2,685,649,2.5,90,17,23,32.5,52.4,0.947445255
01-May-25,25-May,korea,korea-blackwood,KR_BW_36,0.832,181.8,164.8,42,59,1,12.5,17.3,21.5,35.6,54.4,1.404761905
02-May-25,25-May,korea,korea-blackwood,KR_BW_36,0.832,1630,1675,696,651,1,90,17.1,22.6,33.8,53.5,0.935344828
03-May-25,25-May,korea,korea-blackwood,KR_BW_36,0.832,730.5,743.5,244,231,2.5,37,17.2,19.8,35.4,55.1,0.946721311
04-May-25,25-May,korea,korea-blackwood,KR_BW_36,0.832,1633.4,1679.4,695,649,2.5,90,17,22.7,33.2,52.7,0.93381295
05-May-25,25-May,korea,korea-blackwood,KR_BW_36,0.832,400.8,396.8,106,110,2.5,19,17,19.8,34.6,52.1,1.037735849
06-May-25,25-May,korea,korea-blackwood,KR_BW_36,0.832,581.2,592.2,277,266,2.5,41.5,17.1,19.8,36.1,53.4,0.960288809
07-May-25,25-May,korea,korea-blackwood,KR_BW_36,0.832,1522.1,1552.1,683,653,2.5,90,17.1,22.6,33.6,52.5,0.956076135
08-May-25,25-May,korea,korea-blackwood,KR_BW_36,0.832,1309.6,1334.6,683,658,2.5,90,17.1,23,32.8,51.2,0.963396779
09-May-25,25-May,korea,korea-blackwood,KR_BW_36,0.832,84,84,0,0,3,4.5,17.3,21.7,36.5,53.6,0
10-May-25,25-May,korea,korea-blackwood,KR_BW_36,0.832,925.7,932.7,361,354,2.5,52.5,17.3,19.9,37.1,55.3,0.980609418
11-May-25,25-May,korea,korea-blackwood,KR_BW_36,0.832,1139.8,1158.8,557,538,2.5,75.5,17.3,22.4,35.2,51.8,0.965888689
12-May-25,25-May,korea,korea-blackwood,KR_BW_36,0.832,1478.8,1501.8,674,651,2.5,90,17.3,23,33,52.2,0.965875371
13-May-25,25-May,korea,korea-blackwood,KR_BW_36,0.832,1502,1544,678,636,2.5,90,17,23.1,32,53.8,0.938053097
14-May-25,25-May,korea,korea-blackwood,KR_BW_36,0.832,839.6,855.6,319,303,2.5,47.5,17.3,21.6,35.2,51.7,0.94984326
15-May-25,25-May,korea,korea-blackwood,KR_BW_36,0.832,531.9,527.9,201,205,2,33.5,17.3,19.8,38.1,53.8,1.019900498
16-May-25,25-May,korea,korea-blackwood,KR_BW_36,0.832,117.2,87.2,11,41,1,10.6,17.3,19.8,37.8,53.9,3.727272727
17-May-25,25-May,korea,korea-blackwood,KR_BW_36,0.832,0,0,0,0,1,1,17.5,19.9,37.6,55.3,0
18-May-25,25-May,korea,korea-blackwood,KR_BW_36,0.832,158.6,158.6,0,0,0.5,1,16.8,20,37.2,58.3,0
19-May-25,25-May,korea,korea-blackwood,KR_BW_36,0.832,1315.7,1374.7,693,634,0.5,89.5,17.1,22.3,35.9,52.3,0.914862915
20-May-25,25-May,korea,korea-blackwood,KR_BW_36,0.832,447.1,444.1,199,202,2,33.5,17.5,20,38.2,51.8,1.015075377
21-May-25,25-May,korea,korea-blackwood,KR_BW_36,0.832,214.4,206.4,23,31,1,9,17.2,19.8,37.9,55.7,1.347826087
22-May-25,25-May,korea,korea-blackwood,KR_BW_36,0.832,1267.8,1332.8,659,594,1,84.9,17.1,22.6,35.3,55.5,0.901365706
23-May-25,25-May,korea,korea-blackwood,KR_BW_36,0.832,338.3,352.3,152,138,2.5,23,17.4,19.8,37.7,51.8,0.907894737
24-May-25,25-May,korea,korea-blackwood,KR_BW_36,0.832,854.2,886.2,394,362,2.5,54.4,17.4,20,37.6,54.6,0.918781726
25-May-25,25-May,korea,korea-blackwood,KR_BW_36,0.832,1507.7,1547.7,694,654,2.5,90,17.1,23.1,32.9,53,0.942363112
26-May-25,25-May,korea,korea-blackwood,KR_BW_36,0.832,1421.8,1460.8,694,655,2.5,90,17.4,23.1,31.5,53.7,0.943804035
27-May-25,25-May,korea,korea-blackwood,KR_BW_36,0.832,1455,1493,693,655,2.5,90,17.3,23.1,31.6,52.9,0.945165945
28-May-25,25-May,korea,korea-blackwood,KR_BW_36,0.832,1134.9,1169.9,628,593,2.5,83,17.3,23.2,32.9,52.7,0.944267516
29-May-25,25-May,korea,korea-blackwood,KR_BW_36,0.832,1438.1,1477.1,692,653,2.5,90,17.4,23.1,31.8,51.3,0.943641618
30-May-25,25-May,korea,korea-blackwood,KR_BW_36,0.832,1439.2,1478.2,691,652,2.5,90,17.4,23.3,31.2,53.3,0.943560058
31-May-25,25-May,korea,korea-blackwood,KR_BW_36,0.832,1101.6,1129.6,487,459,3,65,17.4,22.7,34.3,52.7,0.942505133
01-Jun-25,25-Jun,korea,korea-blackwood,KR_BW_36,0.832,1397.1,1430.1,665,632,2.5,87.5,17.5,23.2,29.5,52.9,0.95037594
02-Jun-25,25-Jun,korea,korea-blackwood,KR_BW_36,0.832,530.2,544.2,303,289,2.5,44,17.5,21.2,36.7,52.6,0.95379538
03-Jun-25,25-Jun,korea,korea-blackwood,KR_BW_36,0.832,1628.6,1658.6,557,527,2.5,74.5,17.3,22.8,35.2,57.2,0.946140036
04-Jun-25,25-Jun,korea,korea-blackwood,KR_BW_36,0.832,1318,1349,624,593,2.5,82.5,17.5,23.1,32.8,53.5,0.950320513
05-Jun-25,25-Jun,korea,korea-blackwood,KR_BW_36,0.832,1546.9,1588.9,692,650,2.5,90,17.4,23.3,30.9,52.6,0.939306358
06-Jun-25,25-Jun,korea,korea-blackwood,KR_BW_36,0.832,1041.3,1067.3,460,434,2.5,62,17.5,22.8,36,53.6,0.943478261
07-Jun-25,25-Jun,korea,korea-blackwood,KR_BW_36,0.832,507.6,510.6,191,188,2,31,17.4,20,40.4,54.5,0.984293194
08-Jun-25,25-Jun,korea,korea-blackwood,KR_BW_36,0.832,312.3,312.3,69,69,1.5,14.5,17.4,19.8,40.7,54.6,1
09-Jun-25,25-Jun,korea,korea-blackwood,KR_BW_36,0.832,748.9,775.9,267,240,1.5,38.2,17.5,19.8,40.8,54.3,0.898876404
10-Jun-25,25-Jun,korea,korea-blackwood,KR_BW_36,0.832,600.3,610.3,200,190,2,31.5,17.4,20,40.8,54.3,0.95
11-Jun-25,25-Jun,korea,korea-blackwood,KR_BW_36,0.832,1162.7,1200.7,560,522,2,74.5,17.6,23,38.9,54,0.932142857
12-Jun-25,25-Jun,korea,korea-blackwood,KR_BW_36,0.832,386.9,394.9,145,137,2.5,23,17.3,19.8,38.4,54.1,0.944827586
13-Jun-25,25-Jun,korea,korea-blackwood,KR_BW_36,0.832,475,486,223,212,2,34.5,17.4,20,40.9,54.4,0.950672646
14-Jun-25,25-Jun,korea,korea-blackwood,KR_BW_36,0.832,522.1,534.1,187,175,1.7,29.5,17.4,19.7,41.2,55.3,0.935828877
15-Jun-25,25-Jun,korea,korea-blackwood,KR_BW_36,0.832,336,347,144,133,2,22.5,17.5,19.8,38.4,54.8,0.923611111
16-Jun-25,25-Jun,korea,korea-blackwood,KR_BW_36,0.832,955.8,983.8,446,418,2.5,60.4,17.4,20.7,40.2,54.2,0.937219731
17-Jun-25,25-Jun,korea,korea-blackwood,KR_BW_36,0.832,1048.1,1076.1,471,443,2.5,63.5,17.4,23.2,39.7,54.3,0.940552017
18-Jun-25,25-Jun,korea,korea-blackwood,KR_BW_36,0.832,977.8,995.8,419,401,2,58,17.4,22.8,40,54.2,0.957040573
19-Jun-25,25-Jun,korea,korea-blackwood,KR_BW_36,0.832,581.4,587.4,197,191,2,31,17.7,19.8,41.2,54.2,0.969543147
20-Jun-25,25-Jun,korea,korea-blackwood,KR_BW_36,0.832,267.9,275.9,101,93,2,16.5,17.6,19.8,40.8,54.6,0.920792079
21-Jun-25,25-Jun,korea,korea-blackwood,KR_BW_36,0.832,351.1,186.1,0,0,0,9.5,17.6,20,41.8,55.3,0
22-Jun-25,25-Jun,korea,korea-blackwood,KR_BW_36,0.832,693,728,383,348,1,51.5,17.6,19.9,41.6,54.5,0.908616188
23-Jun-25,25-Jun,korea,korea-blackwood,KR_BW_36,0.832,1034.9,1062.9,494,466,2,65.5,17.3,23,39.9,54.9,0.943319838
24-Jun-25,25-Jun,korea,korea-blackwood,KR_BW_36,0.832,420.8,427.8,120,113,2,19.5,17.2,19.8,41.9,55.4,0.941666667
25-Jun-25,25-Jun,korea,korea-blackwood,KR_BW_36,0.832,1208.2,1234.2,445,419,2,60,16.7,19.7,41.6,54.7,0.941573034
26-Jun-25,25-Jun,korea,korea-blackwood,KR_BW_36,0.832,1409.4,1448.4,694,655,2,90,17,23.3,39.1,55.2,0.943804035
27-Jun-25,25-Jun,korea,korea-blackwood,KR_BW_36,0.832,757.7,777.7,328,308,2,46.5,17.3,21.4,40.5,54.9,0.93902439
28-Jun-25,25-Jun,korea,korea-blackwood,KR_BW_36,0.832,903.6,930.6,468,441,2.5,62.5,17.5,22.7,40.5,55,0.942307692
29-Jun-25,25-Jun,korea,korea-blackwood,KR_BW_36,0.832,1256.6,1288.6,617,585,2,82,17.5,23.5,38.8,54.7,0.948136143
30-Jun-25,25-Jun,korea,korea-blackwood,KR_BW_36,0.832,1498,1536,693,655,2,90.5,17.5,23.7,39.2,55.2,0.948136143
01-Jan-25,25-Jan,korea,korea-blackwood,KR_BW_37,1.4976,1951.5,2011.5,1234,1174,2.5,90,16.1,22.9,23.8,41.9,0.951377634
02-Jan-25,25-Jan,korea,korea-blackwood,KR_BW_37,1.4976,1360.5,1406.5,986,940,2,74,16.1,22.6,23.9,42,0.953346856
03-Jan-25,25-Jan,korea,korea-blackwood,KR_BW_37,1.4976,1752.5,1816.5,1234,1170,2.5,90,16.1,23,21.7,41.4,0.948136143
04-Jan-25,25-Jan,korea,korea-blackwood,KR_BW_37,1.4976,1663.5,1717.5,1224,1170,2.5,90,15.9,22.7,22.1,36.9,0.955882353
05-Jan-25,25-Jan,korea,korea-blackwood,KR_BW_37,1.4976,232.5,230.5,66,68,2,10.5,15.9,21.5,23.9,43.6,1.03030303
06-Jan-25,25-Jan,korea,korea-blackwood,KR_BW_37,1.4976,806,836,553,523,2,44.5,16.1,19.6,26.4,44.3,0.945750452
07-Jan-25,25-Jan,korea,korea-blackwood,KR_BW_37,1.4976,913.5,923.5,510,500,2,42.9,16,19.6,24.4,36.9,0.980392157
08-Jan-25,25-Jan,korea,korea-blackwood,KR_BW_37,1.4976,368,362,107,113,2,14,16.1,19.6,25.6,38.5,1.056074766
09-Jan-25,25-Jan,korea,korea-blackwood,KR_BW_37,1.4976,678,692,387,373,2,33.5,15.9,19.6,23.8,38,0.963824289
10-Jan-25,25-Jan,korea,korea-blackwood,KR_BW_37,1.4976,592,600,352,344,2,31.5,15.8,19.6,24.3,38.2,0.977272727
11-Jan-25,25-Jan,korea,korea-blackwood,KR_BW_37,1.4976,480,485,191,186,2,18,15.9,19.6,26.7,39.7,0.97382199
12-Jan-25,25-Jan,korea,korea-blackwood,KR_BW_37,1.4976,984.5,1004.5,678,658,2,54,15.9,19.6,26.2,39,0.970501475
13-Jan-25,25-Jan,korea,korea-blackwood,KR_BW_37,1.4976,1101,1118,709,692,2,56,16,19.6,27.2,41.4,0.976022567
14-Jan-25,25-Jan,korea,korea-blackwood,KR_BW_37,1.4976,1355.5,1397.5,1030,988,2,76.5,16.2,22.2,25.6,43.6,0.959223301
15-Jan-25,25-Jan,korea,korea-blackwood,KR_BW_37,1.4976,904,934,537,507,2,43,16.1,20,25.8,47,0.944134078
16-Jan-25,25-Jan,korea,korea-blackwood,KR_BW_37,1.4976,407,429,261,239,2,22,16,19.6,26.1,36.1,0.915708812
17-Jan-25,25-Jan,korea,korea-blackwood,KR_BW_37,1.4976,1638,1693,1242,1187,2.5,90,16.1,22.7,23,37.1,0.955716586
18-Jan-25,25-Jan,korea,korea-blackwood,KR_BW_37,1.4976,1608,1658,1232,1182,2,90,15.9,22.6,24,41.9,0.959415584
19-Jan-25,25-Jan,korea,korea-blackwood,KR_BW_37,1.4976,1630.5,1684.5,1168,1114,2.1,85.8,16.1,22.6,24.4,43.9,0.953767123
20-Jan-25,25-Jan,korea,korea-blackwood,KR_BW_37,1.4976,675.5,707.5,446,414,2,36.5,16.1,22.3,26.5,45.1,0.928251121
21-Jan-25,25-Jan,korea,korea-blackwood,KR_BW_37,1.4976,889.5,935.5,641,595,2,50,16,19.6,28.5,41.2,0.928237129
22-Jan-25,25-Jan,korea,korea-blackwood,KR_BW_37,1.4976,470.5,496.5,234,208,2.5,20,16,19.6,28.7,45.6,0.888888889
23-Jan-25,25-Jan,korea,korea-blackwood,KR_BW_37,1.4976,266.5,760.5,494,0,2.5,40.5,16.1,19.7,30.9,48.8,0
24-Jan-25,25-Jan,korea,korea-blackwood,KR_BW_37,1.4976,1197,787,542,952,3,75.5,16.2,20,30.8,49.5,1.756457565
25-Jan-25,25-Jan,korea,korea-blackwood,KR_BW_37,1.4976,1835,1891,1224,1168,2.5,90,16.2,22.8,25,49,0.954248366
26-Jan-25,25-Jan,korea,korea-blackwood,KR_BW_37,1.4976,730,761,514,483,2,41.6,16.1,22.3,25.8,48.9,0.939688716
27-Jan-25,25-Jan,korea,korea-blackwood,KR_BW_37,1.4976,666,696,431,401,2,36,16,19.6,27.4,46.3,0.930394432
28-Jan-25,25-Jan,korea,korea-blackwood,KR_BW_37,1.4976,638.5,662.5,376,352,2,32.5,16,19.6,26.2,39.8,0.936170213
29-Jan-25,25-Jan,korea,korea-blackwood,KR_BW_37,1.4976,772,810,455,417,2,37.5,15.9,19.6,25.3,36.9,0.916483516
30-Jan-25,25-Jan,korea,korea-blackwood,KR_BW_37,1.4976,2168.5,2235.5,1236,1169,2.5,90,15.8,22.4,24.5,41.6,0.94579288
31-Jan-25,25-Jan,korea,korea-blackwood,KR_BW_37,1.4976,536,553,342,325,2,30.3,16.3,22.2,26.2,52.4,0.950292398
01-Feb-25,25-Feb,korea,korea-blackwood,KR_BW_37,1.4976,169,203,34,0,2,5,16.2,19.5,31.6,54,0
02-Feb-25,25-Feb,korea,korea-blackwood,KR_BW_37,1.4976,1552,1595,1208,1165,2.5,90,16,23.1,27.1,45.3,0.964403974
03-Feb-25,25-Feb,korea,korea-blackwood,KR_BW_37,1.4976,1390,1434,962,918,2.5,73,16.2,22.4,24.3,45.3,0.954261954
04-Feb-25,25-Feb,korea,korea-blackwood,KR_BW_37,1.4976,996.5,1026.5,582,552,2.5,47.2,15.9,19.5,25.7,40.2,0.948453608
05-Feb-25,25-Feb,korea,korea-blackwood,KR_BW_37,1.4976,868.5,896.5,544,516,2,44.3,15.8,19.5,24.2,37.3,0.948529412
06-Feb-25,25-Feb,korea,korea-blackwood,KR_BW_37,1.4976,749.5,777.5,483,455,2.5,39.7,15.8,19.6,26.2,38.7,0.942028986
07-Feb-25,25-Feb,korea,korea-blackwood,KR_BW_37,1.4976,630,648,273,255,2.5,24,15.8,19.6,24.1,38,0.934065934
08-Feb-25,25-Feb,korea,korea-blackwood,KR_BW_37,1.4976,828.5,853.5,504,479,2,42,15.8,19.6,24,35.6,0.950396825
09-Feb-25,25-Feb,korea,korea-blackwood,KR_BW_37,1.4976,1259,1298,728,689,2,56.7,15.8,19.6,26,37.4,0.946428571
10-Feb-25,25-Feb,korea,korea-blackwood,KR_BW_37,1.4976,1372,1423,957,906,2,72,15.8,22.2,24,38.8,0.946708464
11-Feb-25,25-Feb,korea,korea-blackwood,KR_BW_37,1.4976,2266,2330,1236,1172,2.5,90,15.8,22.7,24.9,41.6,0.948220065
12-Feb-25,25-Feb,korea,korea-blackwood,KR_BW_37,1.4976,418.5,432.5,202,188,2.5,18.5,16.1,22.4,25.9,53.8,0.930693069
13-Feb-25,25-Feb,korea,korea-blackwood,KR_BW_37,1.4976,2312.5,2386.5,1241,1167,2.5,90,16,22.6,24.8,44.2,0.940370669
14-Feb-25,25-Feb,korea,korea-blackwood,KR_BW_37,1.4976,1576.5,1621.5,1075,1030,2.2,80.5,16,23.1,25.3,44.8,0.958139535
15-Feb-25,25-Feb,korea,korea-blackwood,KR_BW_37,1.4976,174.5,173.5,43,44,2,8,16.1,21.6,29.4,49.6,1.023255814
16-Feb-25,25-Feb,korea,korea-blackwood,KR_BW_37,1.4976,1898,1969,1238,1167,2,90,15.9,23.4,27,45.4,0.942649435
17-Feb-25,25-Feb,korea,korea-blackwood,KR_BW_37,1.4976,2217,2285,1237,1169,2.5,90,16,22.8,23.7,46.8,0.945028294
18-Feb-25,25-Feb,korea,korea-blackwood,KR_BW_37,1.4976,2099,2162,1229,1166,2.5,90,16,22.7,22.2,40.8,0.948738812
19-Feb-25,25-Feb,korea,korea-blackwood,KR_BW_37,1.4976,2198.5,2261.5,1233,1170,2.5,90,16,22.9,21.4,37,0.948905109
20-Feb-25,25-Feb,korea,korea-blackwood,KR_BW_37,1.4976,1833.5,1873.5,1217,1177,2.5,90,15.9,22.9,20.8,35.3,0.967132293
21-Feb-25,25-Feb,korea,korea-blackwood,KR_BW_37,1.4976,2086,2121,1221,1186,2.5,90,15.9,23,20.5,34.1,0.971334971
22-Feb-25,25-Feb,korea,korea-blackwood,KR_BW_37,1.4976,470.5,496.5,234,208,2.5,20,16,19.6,28.7,45.6,0.888888889
23-Feb-25,25-Feb,korea,korea-blackwood,KR_BW_37,1.4976,1384.5,1430.5,875,829,2.5,64.5,15.9,22.1,20.7,32.7,0.947428571
24-Feb-25,25-Feb,korea,korea-blackwood,KR_BW_37,1.4976,1644.5,1684.5,1033,993,2,77,15.9,22.7,20.5,30.5,0.961277832
25-Feb-25,25-Feb,korea,korea-blackwood,KR_BW_37,1.4976,1415.5,1456.5,882,841,2.5,65.5,15.8,22.3,22,36.3,0.953514739
26-Feb-25,25-Feb,korea,korea-blackwood,KR_BW_37,1.4976,2159,2208,1243,1194,2,90.5,16,22.7,23.8,40.5,0.960579244
27-Feb-25,25-Feb,korea,korea-blackwood,KR_BW_37,1.4976,446,453,151,144,2,15,15.9,22.5,25.5,48.5,0.953642384
28-Feb-25,25-Feb,korea,korea-blackwood,KR_BW_37,1.4976,2074.5,2135.5,1245,1184,2,90,16.5,24.3,27.8,53.7,0.951004016
01-Mar-25,25-Mar,korea,korea-blackwood,KR_BW_37,1.4976,249.5,251.5,62,60,2,9.5,16.7,23.9,27.9,46.9,0.967741935
02-Mar-25,25-Mar,korea,korea-blackwood,KR_BW_37,1.4976,0,0,0,0,2,2,16.7,19.6,33,46.9,0
03-Mar-25,25-Mar,korea,korea-blackwood,KR_BW_37,1.4976,0,0,0,0,1.5,2,16.2,19.6,32.8,47.8,0
04-Mar-25,25-Mar,korea,korea-blackwood,KR_BW_37,1.4976,528.5,562.5,260,226,1.5,21.5,16.1,19.5,32.3,47.3,0.869230769
05-Mar-25,25-Mar,korea,korea-blackwood,KR_BW_37,1.4976,1343.5,1402.5,1059,1000,2,78.5,16.1,21.8,29,46.5,0.944287063
06-Mar-25,25-Mar,korea,korea-blackwood,KR_BW_37,1.4976,2305,2382,1230,1153,2.5,90,16.2,23.4,24.8,45.6,0.937398374
07-Mar-25,25-Mar,korea,korea-blackwood,KR_BW_37,1.4976,2031.5,2098.5,1223,1156,3.1,90.2,16.1,23.6,25.5,51.1,0.94521668
08-Mar-25,25-Mar,korea,korea-blackwood,KR_BW_37,1.4976,951.5,978.5,487,460,3,41,16.2,22.3,26,47.9,0.944558522
09-Mar-25,25-Mar,korea,korea-blackwood,KR_BW_37,1.4976,2399,2467,1224,1156,3.2,90,16,23.4,25.4,46.2,0.944444444
10-Mar-25,25-Mar,korea,korea-blackwood,KR_BW_37,1.4976,384.5,378.5,122,128,2,14.5,16.3,22.4,27.5,48.9,1.049180328
11-Mar-25,25-Mar,korea,korea-blackwood,KR_BW_37,1.4976,860.5,905.5,543,498,2,43.5,16.4,19.6,31.8,46.6,0.917127072
12-Mar-25,25-Mar,korea,korea-blackwood,KR_BW_37,1.4976,464,476,180,168,2,17,16.2,19.6,31.8,46.8,0.933333333
13-Mar-25,25-Mar,korea,korea-blackwood,KR_BW_37,1.4976,1026.5,1080.5,707,653,2.5,54.5,16.4,19.7,32,46.5,0.923620934
14-Mar-25,25-Mar,korea,korea-blackwood,KR_BW_37,1.4976,1673.5,1739.5,1167,1101,3,86.5,16.4,22.8,26.2,46.5,0.94344473
15-Mar-25,25-Mar,korea,korea-blackwood,KR_BW_37,1.4976,854.5,875.5,610,589,2.5,50,16.4,22.4,26.8,50.7,0.96557377
16-Mar-25,25-Mar,korea,korea-blackwood,KR_BW_37,1.4976,1029.5,1050.5,373,352,2.5,33,16,19.6,28.3,46.5,0.943699732
17-Mar-25,25-Mar,korea,korea-blackwood,KR_BW_37,1.4976,2314.5,2374.5,1224,1164,2.5,90,16,22.8,23.1,39.6,0.950980392
18-Mar-25,25-Mar,korea,korea-blackwood,KR_BW_37,1.4976,1491,1547,878,822,3,66,16.1,22.5,23.3,40.5,0.936218679
19-Mar-25,25-Mar,korea,korea-blackwood,KR_BW_37,1.4976,2394,2459,1225,1160,3,90,16,22.8,22.6,36.3,0.946938776
20-Mar-25,25-Mar,korea,korea-blackwood,KR_BW_37,1.4976,2497.5,2550.5,1220,1167,3,90.5,15.9,22.6,23.6,48.5,0.956557377
21-Mar-25,25-Mar,korea,korea-blackwood,KR_BW_37,1.4976,2479,2546,1226,1159,3,90,16.5,24,26.2,53.7,0.945350734
22-Mar-25,25-Mar,korea,korea-blackwood,KR_BW_37,1.4976,2592,2661,1226,1157,3.1,90.3,16.4,24.3,25.3,51.2,0.943719413
23-Mar-25,25-Mar,korea,korea-blackwood,KR_BW_37,1.4976,2418.5,2470.5,1216,1164,3,90,16.7,24.7,25.5,51.2,0.957236842
24-Mar-25,25-Mar,korea,korea-blackwood,KR_BW_37,1.4976,2299.5,2352.5,1219,1166,2.5,90,17,24.6,25.5,48.2,0.956521739
25-Mar-25,25-Mar,korea,korea-blackwood,KR_BW_37,1.4976,2202.5,2272.5,1221,1151,3,90,16.8,24.8,25.3,48.1,0.942669943
26-Mar-25,25-Mar,korea,korea-blackwood,KR_BW_37,1.4976,1065.5,1083.5,579,561,0,48.4,17,27.9,25.8,60.2,0.968911917
27-Mar-25,25-Mar,korea,korea-blackwood,KR_BW_37,1.4976,192.5,183.5,47,56,2,9.5,16.4,19.8,32.2,51.8,1.191489362
28-Mar-25,25-Mar,korea,korea-blackwood,KR_BW_37,1.4976,1884.5,1953.5,1225,1156,2,90,16.2,23.3,26.9,46.6,0.943673469
29-Mar-25,25-Mar,korea,korea-blackwood,KR_BW_37,1.4976,1464.5,1502.5,852,814,3.4,65.5,16.2,22.4,26.8,53.1,0.955399061
30-Mar-25,25-Mar,korea,korea-blackwood,KR_BW_37,1.4976,2233.5,2271.5,1200,1162,3,90,16.1,22.9,23.2,47.5,0.968333333
31-Mar-25,25-Mar,korea,korea-blackwood,KR_BW_37,1.4976,2415.5,2463.5,1218,1170,3,90,16,22.8,24.2,41.6,0.960591133
01-Apr-25,25-Apr,korea,korea-blackwood,KR_BW_37,1.4976,2224.5,2262.5,1220,1182,2.5,90,16.3,22.9,23.8,44.5,0.968852459
02-Apr-25,25-Apr,korea,korea-blackwood,KR_BW_37,1.4976,2601,2652,1235,1184,2.5,90,16.2,22.9,24.2,44,0.958704453
03-Apr-25,25-Apr,korea,korea-blackwood,KR_BW_37,1.4976,2378.5,2418.5,1021,981,2.5,76.5,16.3,22.6,25,46,0.960822723
04-Apr-25,25-Apr,korea,korea-blackwood,KR_BW_37,1.4976,2317.5,2375.5,1233,1175,2.5,90,16.3,22.9,25.9,50.7,0.95296026
05-Apr-25,25-Apr,korea,korea-blackwood,KR_BW_37,1.4976,996.5,1012.5,276,260,2.5,24,16.5,22.4,25.9,56.3,0.942028986
06-Apr-25,25-Apr,korea,korea-blackwood,KR_BW_37,1.4976,2787.5,2845.5,1234,1176,2.5,90,16.3,23,24.8,46.3,0.952998379
07-Apr-25,25-Apr,korea,korea-blackwood,KR_BW_37,1.4976,2520,2572,1229,1177,2.5,90,16.2,24.5,25.2,50.5,0.957689178
08-Apr-25,25-Apr,korea,korea-blackwood,KR_BW_37,1.4976,2499,2545,1228,1182,2.5,90,16.8,24.6,25.2,50,0.962540717
09-Apr-25,25-Apr,korea,korea-blackwood,KR_BW_37,1.4976,1731,1778,989,942,2.5,74.5,16.8,24.7,25.2,47.6,0.95247725
10-Apr-25,25-Apr,korea,korea-blackwood,KR_BW_37,1.4976,2262.5,2320.5,1229,1171,2.5,90,17,24.5,25.1,48.2,0.95280716
11-Apr-25,25-Apr,korea,korea-blackwood,KR_BW_37,1.4976,2447.5,2495.5,1229,1181,2.5,90,16.4,24.9,25.4,47.4,0.960943857
12-Apr-25,25-Apr,korea,korea-blackwood,KR_BW_37,1.4976,432,439,166,159,2,16.2,16.4,24.5,28.2,49.7,0.957831325
13-Apr-25,25-Apr,korea,korea-blackwood,KR_BW_37,1.4976,2287.5,2333.5,735,689,2.5,56.5,16.4,19.7,31.2,46.2,0.937414966
14-Apr-25,25-Apr,korea,korea-blackwood,KR_BW_37,1.4976,2644,2710,1234,1168,2.5,90,16.6,24.3,25.1,47.8,0.946515397
15-Apr-25,25-Apr,korea,korea-blackwood,KR_BW_37,1.4976,2782.5,2841.5,1233,1174,2.5,90.1,16.4,24.4,25,50.3,0.95214923
16-Apr-25,25-Apr,korea,korea-blackwood,KR_BW_37,1.4976,2367.5,2420.5,1221,1168,2.5,90,16.5,25.1,24.9,49.2,0.956592957
17-Apr-25,25-Apr,korea,korea-blackwood,KR_BW_37,1.4976,350,344,98,104,2,12.5,17.1,24.3,26.1,51.1,1.06122449
18-Apr-25,25-Apr,korea,korea-blackwood,KR_BW_37,1.4976,827,848,375,354,2,32,16.9,19.7,33.4,48.1,0.944
19-Apr-25,25-Apr,korea,korea-blackwood,KR_BW_37,1.4976,942.5,961.5,492,473,2,40.6,16.9,19.8,34.2,48.1,0.961382114
20-Apr-25,25-Apr,korea,korea-blackwood,KR_BW_37,1.4976,969,990,392,371,2,33.5,17.1,19.8,34.1,50.1,0.946428571
21-Apr-25,25-Apr,korea,korea-blackwood,KR_BW_37,1.4976,2298.5,2363.5,1232,1167,2.5,90,17.1,25.1,26.2,50.2,0.94724026
22-Apr-25,25-Apr,korea,korea-blackwood,KR_BW_37,1.4976,449,456,155,148,2,15,16.9,24.9,27.6,50.7,0.95483871
23-Apr-25,25-Apr,korea,korea-blackwood,KR_BW_37,1.4976,1300.5,1338.5,514,476,2,41.4,16.6,19.8,32.8,48.4,0.926070039
24-Apr-25,25-Apr,korea,korea-blackwood,KR_BW_37,1.4976,2643.5,2707.5,1232,1168,2.5,90,16.5,25.2,25.8,52.5,0.948051948
25-Apr-25,25-Apr,korea,korea-blackwood,KR_BW_37,1.4976,2319.5,2362.5,1124,1081,2.5,83.5,16.8,24.5,25.1,48.4,0.961743772
26-Apr-25,25-Apr,korea,korea-blackwood,KR_BW_37,1.4976,2777,2836,1232,1173,2.5,90,16.5,24.7,24.9,51.6,0.95211039
27-Apr-25,25-Apr,korea,korea-blackwood,KR_BW_37,1.4976,1745.5,1793.5,942,894,2.5,71.4,16.6,24.7,25.1,50.2,0.949044586
28-Apr-25,25-Apr,korea,korea-blackwood,KR_BW_37,1.4976,2557,2623,1236,1170,2.5,90,17.1,24.8,24.9,48.5,0.946601942
29-Apr-25,25-Apr,korea,korea-blackwood,KR_BW_37,1.4976,2810,2863,1221,1168,2.5,90,16.6,25,25.2,51.5,0.956592957
30-Apr-25,25-Apr,korea,korea-blackwood,KR_BW_37,1.4976,2699,2753,1219,1165,2.5,90,16.6,25.2,25.1,49.6,0.955701395
01-May-25,25-May,korea,korea-blackwood,KR_BW_37,1.4976,291.5,282.5,80,89,2,12,16.9,24.7,26.1,48.2,1.1125
02-May-25,25-May,korea,korea-blackwood,KR_BW_37,1.4976,2854,2928,1239,1165,2,90,16.5,24.6,25.4,47.3,0.940274415
03-May-25,25-May,korea,korea-blackwood,KR_BW_37,1.4976,1269.5,1293.5,446,422,2,37.2,16.8,23.1,25.5,49.9,0.946188341
04-May-25,25-May,korea,korea-blackwood,KR_BW_37,1.4976,2883.5,2939.5,1237,1181,2.5,90,16.3,24.7,25.1,46.8,0.954729184
05-May-25,25-May,korea,korea-blackwood,KR_BW_37,1.4976,670,692,220,196,2.5,19.5,16.6,23.3,25.3,49.6,0.890909091
06-May-25,25-May,korea,korea-blackwood,KR_BW_37,1.4976,1007,1037,500,470,2.5,40.6,16.6,19.8,32.7,47.4,0.94
07-May-25,25-May,korea,korea-blackwood,KR_BW_37,1.4976,2655.5,2708.5,1233,1180,2.5,90,16.4,24.9,27.5,47.6,0.95701541
08-May-25,25-May,korea,korea-blackwood,KR_BW_37,1.4976,2269.5,2319.5,1228,1178,2.5,90,16.8,25.5,25.7,52.5,0.959283388
09-May-25,25-May,korea,korea-blackwood,KR_BW_37,1.4976,129.5,137.5,8,0,2,3,17,25.2,27.2,50.6,0
10-May-25,25-May,korea,korea-blackwood,KR_BW_37,1.4976,1589,1635,649,603,1.5,50,16.6,19.8,32.9,49.8,0.929121726
11-May-25,25-May,korea,korea-blackwood,KR_BW_37,1.4976,1903,1950,947,900,2.5,71.4,16.6,24.4,28.5,49.8,0.950369588
12-May-25,25-May,korea,korea-blackwood,KR_BW_37,1.4976,2564,2614,1231,1181,2.5,90,16.8,25.5,25.6,48.3,0.959382616
13-May-25,25-May,korea,korea-blackwood,KR_BW_37,1.4976,2643.5,2695.5,1229,1177,2.5,90,17.3,25.5,25.4,52.4,0.957689178
14-May-25,25-May,korea,korea-blackwood,KR_BW_37,1.4976,1470.5,1498.5,580,552,2,47,17.6,24.8,25.3,48.7,0.951724138
15-May-25,25-May,korea,korea-blackwood,KR_BW_37,1.4976,878,897,384,365,2,33,17.2,22.3,33.4,50.2,0.950520833
16-May-25,25-May,korea,korea-blackwood,KR_BW_37,1.4976,139.5,170.5,31,0,2,4.5,17,19.7,34.4,48.7,0
17-May-25,25-May,korea,korea-blackwood,KR_BW_37,1.4976,2066,2112,1152,1106,2.5,85,17,24.7,27.2,47.9,0.960069444
18-May-25,25-May,korea,korea-blackwood,KR_BW_37,1.4976,2057,2111,1108,1054,2.5,62.5,17.2,24.9,25.5,50.7,0.951263538
19-May-25,25-May,korea,korea-blackwood,KR_BW_37,1.4976,2318.5,2376.5,1223,1165,2.5,90,17.2,25.6,25.5,50.5,0.952575634
20-May-25,25-May,korea,korea-blackwood,KR_BW_37,1.4976,755.5,766.5,382,371,2,33.5,17.6,24.9,25.8,50.5,0.971204188
21-May-25,25-May,korea,korea-blackwood,KR_BW_37,1.4976,304,357,53,0,1.5,7.5,17.2,19.9,34.8,50.7,0
22-May-25,25-May,korea,korea-blackwood,KR_BW_37,1.4976,2314,2332,1163,1145,2.5,88.5,17.1,25.1,26.4,49.9,0.984522786
23-May-25,25-May,korea,korea-blackwood,KR_BW_37,1.4976,605,612,252,245,2.5,22.5,17.3,24.8,27.7,51.3,0.972222222
24-May-25,25-May,korea,korea-blackwood,KR_BW_37,1.4976,1504.5,1542.5,689,651,2.5,54,17,19.8,33.7,49,0.944847605
25-May-25,25-May,korea,korea-blackwood,KR_BW_37,1.4976,2650.5,2704.5,1229,1175,2.5,90,18,25,25.1,48.8,0.956061839
26-May-25,25-May,korea,korea-blackwood,KR_BW_37,1.4976,2505,2563,1234,1176,2.5,90,17.1,25,24.8,52.5,0.952998379
27-May-25,25-May,korea,korea-blackwood,KR_BW_37,1.4976,2571.5,2611.5,1210,1170,2.5,90,17,25.2,25,51.1,0.966942149
28-May-25,25-May,korea,korea-blackwood,KR_BW_37,1.4976,1995,2036,1095,1054,2.5,82,17.4,25.2,25.3,50.7,0.962557078
29-May-25,25-May,korea,korea-blackwood,KR_BW_37,1.4976,2536.5,2590.5,1223,1169,2.5,90,17.3,25.5,25,49.3,0.95584628
30-May-25,25-May,korea,korea-blackwood,KR_BW_37,1.4976,2536.5,2590.5,1223,1169,2.5,90,17.3,25.4,24.8,50.2,0.95584628
31-May-25,25-May,korea,korea-blackwood,KR_BW_37,1.4976,1956,1997,872,831,2.5,66,17.6,25.3,25.3,49.7,0.952981651
01-Jun-25,25-Jun,korea,korea-blackwood,KR_BW_37,1.4976,2465,2515,1174,1124,2.5,87,17.1,25.6,25,52.9,0.957410562
02-Jun-25,25-Jun,korea,korea-blackwood,KR_BW_37,1.4976,932.5,957.5,555,530,2,45,17.5,23.7,25.9,51.5,0.954954955
03-Jun-25,25-Jun,korea,korea-blackwood,KR_BW_37,1.4976,2841.5,2892.5,999,948,2.5,75,17.2,25.2,26.2,52.4,0.948948949
04-Jun-25,25-Jun,korea,korea-blackwood,KR_BW_37,1.4976,2351.5,2392.5,1096,1055,2.5,82.5,17.2,25.3,25.5,48.9,0.962591241
05-Jun-25,25-Jun,korea,korea-blackwood,KR_BW_37,1.4976,2746,2793,1220,1173,2.5,90,17.1,25.5,25.3,53.2,0.96147541
06-Jun-25,25-Jun,korea,korea-blackwood,KR_BW_37,1.4976,1830.5,1874.5,815,771,2.5,62,17.7,25.1,25.4,51.3,0.94601227
07-Jun-25,25-Jun,korea,korea-blackwood,KR_BW_37,1.4976,884.5,898.5,371,357,2,32.5,17.7,23.4,25.8,51.6,0.962264151
08-Jun-25,25-Jun,korea,korea-blackwood,KR_BW_37,1.4976,524.5,543.5,151,132,2,15.4,17.7,19.9,34.9,49.6,0.874172185
09-Jun-25,25-Jun,korea,korea-blackwood,KR_BW_37,1.4976,1319.5,1364.5,489,444,2,39.5,17.3,20.1,34.7,49.8,0.90797546
10-Jun-25,25-Jun,korea,korea-blackwood,KR_BW_37,1.4976,1031.5,1051.5,360,340,2,31.5,17.4,20,34.9,50.9,0.944444444
11-Jun-25,25-Jun,korea,korea-blackwood,KR_BW_37,1.4976,2050.5,2107.5,994,937,2,74,17.3,25.1,26.5,47.4,0.942655936
12-Jun-25,25-Jun,korea,korea-blackwood,KR_BW_37,1.4976,663.5,684.5,277,256,2.5,23.5,17.4,24.6,30.6,51.3,0.924187726
13-Jun-25,25-Jun,korea,korea-blackwood,KR_BW_37,1.4976,840,860,419,399,2,35.5,17.5,20.1,35.4,51.1,0.952267303
14-Jun-25,25-Jun,korea,korea-blackwood,KR_BW_37,1.4976,913.5,933.5,339,319,2,29.5,17.6,20,34.8,49.2,0.94100295
15-Jun-25,25-Jun,korea,korea-blackwood,KR_BW_37,1.4976,569.5,593.5,260,236,2,22,17.3,20,34.5,48.8,0.907692308
16-Jun-25,25-Jun,korea,korea-blackwood,KR_BW_37,1.4976,1677,1721,791,747,2.5,60,18.2,24.2,34,50.2,0.94437421
17-Jun-25,25-Jun,korea,korea-blackwood,KR_BW_37,1.4976,1844.5,1884.5,830,790,2.5,62.5,17.8,25,25.2,52.8,0.951807229
18-Jun-25,25-Jun,korea,korea-blackwood,KR_BW_37,1.4976,1677.5,1706.5,736,707,2,57,17.9,25.1,27,50,0.960597826
19-Jun-25,25-Jun,korea,korea-blackwood,KR_BW_37,1.4976,1008,1026,370,352,2,31.5,19,24.6,35.2,51.6,0.951351351
20-Jun-25,25-Jun,korea,korea-blackwood,KR_BW_37,1.4976,472,489,188,171,2,17,18.6,20.3,38.6,51,0.909574468
21-Jun-25,25-Jun,korea,korea-blackwood,KR_BW_37,1.4976,308.5,320.5,0,0,0,10,18.4,20,38.2,50.2,0
22-Jun-25,25-Jun,korea,korea-blackwood,KR_BW_37,1.4976,1239,1279,689,649,2,53,17.7,20.1,35.1,49.8,0.941944848
23-Jun-25,25-Jun,korea,korea-blackwood,KR_BW_37,1.4976,1806,1849,887,844,2,66,17.5,25.4,33.5,51.2,0.951521984
24-Jun-25,25-Jun,korea,korea-blackwood,KR_BW_37,1.4976,722.5,737.5,236,221,2.5,20.7,18.6,24.6,34,53.1,0.936440678
25-Jun-25,25-Jun,korea,korea-blackwood,KR_BW_37,1.4976,2095,2133,801,763,2,60.5,17.6,24.4,31.8,50.9,0.952559301
26-Jun-25,25-Jun,korea,korea-blackwood,KR_BW_37,1.4976,2489.5,2544.5,1249,1194,2,91,17.6,26,32.5,53.2,0.955964772
27-Jun-25,25-Jun,korea,korea-blackwood,KR_BW_37,1.4976,1334,1362,602,574,2,48,19.1,25.2,26.1,52.2,0.953488372
28-Jun-25,25-Jun,korea,korea-blackwood,KR_BW_37,1.4976,1487.5,1528.5,789,748,2,60,19.2,25.6,32.7,54.5,0.948035488
29-Jun-25,25-Jun,korea,korea-blackwood,KR_BW_37,1.4976,2230.5,2274.5,1117,1073,2,82.5,19.7,25.1,33,53.6,0.960608774
30-Jun-25,25-Jun,korea,korea-blackwood,KR_BW_37,1.4976,2621,2677,1238,1182,2,90.5,19.7,25.3,32.9,54.9,0.960608774
01-Jan-25,25-Jan,korea,korea-blackwood,KR_BW_38,0.665,860.5,892.5,561,529,3,90.5,17.2,20.1,18.8,25.1,0.942959002
02-Jan-25,25-Jan,korea,korea-blackwood,KR_BW_38,0.665,850,881,560,529,0,90.5,17.6,20.1,18.3,24.8,0.944642857
03-Jan-25,25-Jan,korea,korea-blackwood,KR_BW_38,0.665,908,939,560,529,3,90.5,18.7,20.1,13.5,21.8,0.944642857
04-Jan-25,25-Jan,korea,korea-blackwood,KR_BW_38,0.665,646.3,673.3,441,414,3,73,18.8,20.1,18.9,22.8,0.93877551
05-Jan-25,25-Jan,korea,korea-blackwood,KR_BW_38,0.665,153.4,156.4,57,54,3,14.5,17.4,19.5,18.9,30.9,0.947368421
06-Jan-25,25-Jan,korea,korea-blackwood,KR_BW_38,0.665,311.8,324.8,154,141,3,30.5,15.9,17.4,24.1,33.8,0.915584416
07-Jan-25,25-Jan,korea,korea-blackwood,KR_BW_38,0.665,3.2,3.2,0,0,3.5,3.5,12.5,16.1,24.4,32,0
08-Jan-25,25-Jan,korea,korea-blackwood,KR_BW_38,0.665,268.3,276.3,112,104,3.5,22.5,11.2,13.8,28.9,35.3,0.928571429
09-Jan-25,25-Jan,korea,korea-blackwood,KR_BW_38,0.665,55.3,57.3,2,0,3.5,4,8.2,12.2,25.2,31.8,0
10-Jan-25,25-Jan,korea,korea-blackwood,KR_BW_38,0.665,548.4,576.4,425,397,3,71,6.2,13.6,22.4,26.7,0.934117647
11-Jan-25,25-Jan,korea,korea-blackwood,KR_BW_38,0.665,581.3,608.3,428,401,3,71.5,11,16,24.8,28.4,0.936915888
12-Jan-25,25-Jan,korea,korea-blackwood,KR_BW_38,0.665,800.7,832.7,554,522,3,90,12.5,18.3,22,28,0.942238267
13-Jan-25,25-Jan,korea,korea-blackwood,KR_BW_38,0.665,761.3,792.3,555,524,3,90,15.4,20.1,20.9,25.7,0.944144144
14-Jan-25,25-Jan,korea,korea-blackwood,KR_BW_38,0.665,820.7,850.7,556,526,3,90,17.3,20.1,21.8,26.8,0.946043165
15-Jan-25,25-Jan,korea,korea-blackwood,KR_BW_38,0.665,492,513,340,319,3,58,18.5,20.1,18.9,25.7,0.938235294
16-Jan-25,25-Jan,korea,korea-blackwood,KR_BW_38,0.665,678,707,495,466,3,81,17.2,20.1,20.2,22.6,0.941414141
17-Jan-25,25-Jan,korea,korea-blackwood,KR_BW_38,0.665,1041,1073,558,526,3,90,17.2,20.1,17.9,23.6,0.94265233
18-Jan-25,25-Jan,korea,korea-blackwood,KR_BW_38,0.665,791.6,794.6,96,93,0,20,16.2,20,17.3,22.1,0.96875
19-Jan-25,25-Jan,korea,korea-blackwood,KR_BW_38,0.665,762.4,778.4,213,197,3,39,13.5,17.6,20.9,27.3,0.924882629
20-Jan-25,25-Jan,korea,korea-blackwood,KR_BW_38,0.665,661,690,466,437,3,77,13.4,18.9,25.3,31.2,0.93776824
21-Jan-25,25-Jan,korea,korea-blackwood,KR_BW_38,0.665,908.3,940.3,557,525,3,90,15.4,20.1,21,28.1,0.942549372
22-Jan-25,25-Jan,korea,korea-blackwood,KR_BW_38,0.665,516.7,536.7,326,306,3,56,16.7,20.2,20.2,28.8,0.938650307
23-Jan-25,25-Jan,korea,korea-blackwood,KR_BW_38,0.665,889.6,921.6,556,524,3,90,16.4,20.2,18.2,27.4,0.942446043
24-Jan-25,25-Jan,korea,korea-blackwood,KR_BW_38,0.665,947.7,978.7,557,526,3,90,16.9,20.1,17.3,22.7,0.944344704
25-Jan-25,25-Jan,korea,korea-blackwood,KR_BW_38,0.665,1057.5,1087.5,556,526,3,90,17.2,20.2,17.6,23.6,0.946043165
26-Jan-25,25-Jan,korea,korea-blackwood,KR_BW_38,0.665,420,434,213,199,3,39,18.1,20.2,20.5,25.7,0.9342723
27-Jan-25,25-Jan,korea,korea-blackwood,KR_BW_38,0.665,534.8,553.8,310,291,3,53.5,17.4,19.6,21.9,29.1,0.938709677
28-Jan-25,25-Jan,korea,korea-blackwood,KR_BW_38,0.665,661.2,681.2,342,322,3,58.5,16,18,21.4,24.5,0.941520468
29-Jan-25,25-Jan,korea,korea-blackwood,KR_BW_38,0.665,221.8,226.8,100,95,3,20.5,13.5,17.3,21.4,26.9,0.95
30-Jan-25,25-Jan,korea,korea-blackwood,KR_BW_38,0.665,736.4,768.4,497,465,3,81.5,12.3,17.8,21.1,26.4,0.935613682
31-Jan-25,25-Jan,korea,korea-blackwood,KR_BW_38,0.665,242,248,74,68,3,16.5,14.7,17.4,23.5,34.3,0.918918919
01-Feb-25,25-Feb,korea,korea-blackwood,KR_BW_38,0.665,186,189,33,30,3,11.5,14.6,16.8,34.3,40.8,0.909090909
02-Feb-25,25-Feb,korea,korea-blackwood,KR_BW_38,0.665,831.8,866.8,559,524,3,90,12.9,19.3,27.4,39.4,0.937388193
03-Feb-25,25-Feb,korea,korea-blackwood,KR_BW_38,0.665,655.2,679.2,374,350,3,62.5,16.6,19,19.8,29.1,0.935828877
04-Feb-25,25-Feb,korea,korea-blackwood,KR_BW_38,0.665,2,2,0,0,3.5,3.5,13,17.7,20.4,25.6,0
05-Feb-25,25-Feb,korea,korea-blackwood,KR_BW_38,0.665,0.6,0.6,0,0,3.5,3.5,9.2,13,21.5,27.4,0
06-Feb-25,25-Feb,korea,korea-blackwood,KR_BW_38,0.665,175.4,179.4,79,75,3,18,7.6,10.3,24.4,32,0.949367089
07-Feb-25,25-Feb,korea,korea-blackwood,KR_BW_38,0.665,42.8,42.8,0,0,3.5,3.5,6.5,9.3,30.6,35.8,0
08-Feb-25,25-Feb,korea,korea-blackwood,KR_BW_38,0.665,42.8,42.8,0,0,3.5,3.5,6.5,9.3,30.6,35.8,0
09-Feb-25,25-Feb,korea,korea-blackwood,KR_BW_38,0.665,711.7,745.7,477,443,3,78.5,6.7,13.2,28,35.2,0.928721174
10-Feb-25,25-Feb,korea,korea-blackwood,KR_BW_38,0.665,689.6,717.6,481,453,3,79.5,10.7,16.1,22.4,30.6,0.941787942
11-Feb-25,25-Feb,korea,korea-blackwood,KR_BW_38,0.665,1193.4,1226.4,558,525,3,90.3,12.6,19.9,20.3,24.9,0.940860215
12-Feb-25,25-Feb,korea,korea-blackwood,KR_BW_38,0.665,121,121,20,20,3,10,16.1,19.5,22.4,32.8,1
13-Feb-25,25-Feb,korea,korea-blackwood,KR_BW_38,0.665,1369,1406,562,525,3,90.5,14,19.4,19.3,25.7,0.934163701
14-Feb-25,25-Feb,korea,korea-blackwood,KR_BW_38,0.665,1243.3,1275.3,559,527,3,90.5,15.9,20.1,20.3,25.2,0.942754919
15-Feb-25,25-Feb,korea,korea-blackwood,KR_BW_38,0.665,263.5,267.5,81,77,3,17.5,17.2,19.9,20.9,26.6,0.950617284
16-Feb-25,25-Feb,korea,korea-blackwood,KR_BW_38,0.665,952.2,985.2,539,506,3,87.5,15.2,20.2,25,32.8,0.93877551
17-Feb-25,25-Feb,korea,korea-blackwood,KR_BW_38,0.665,1142.8,1174.8,557,525,3,90,17.9,20.2,16.5,26.9,0.942549372
18-Feb-25,25-Feb,korea,korea-blackwood,KR_BW_38,0.665,1263,1295,558,526,3,90,18.3,20.1,13.2,17.7,0.94265233
19-Feb-25,25-Feb,korea,korea-blackwood,KR_BW_38,0.665,1011,1038,471,444,3,77.5,18.1,20.1,14.3,17.8,0.942675159
20-Feb-25,25-Feb,korea,korea-blackwood,KR_BW_38,0.665,1354,1384,555,525,3,90,16.6,20.1,13.4,18.6,0.945945946
21-Feb-25,25-Feb,korea,korea-blackwood,KR_BW_38,0.665,1339.8,1369.8,555,525,3,90,17.7,20.1,13.8,16.3,0.945945946
22-Feb-25,25-Feb,korea,korea-blackwood,KR_BW_38,0.665,1368.4,1399.4,555,524,3,90,18.2,20.1,15.1,21,0.944144144
23-Feb-25,25-Feb,korea,korea-blackwood,KR_BW_38,0.665,818,839,366,345,3,61.5,17.8,19.9,15.2,19.4,0.942622951
24-Feb-25,25-Feb,korea,korea-blackwood,KR_BW_38,0.665,1393.6,1424.6,555,524,3,90,16.7,20.1,16.2,21,0.944144144
25-Feb-25,25-Feb,korea,korea-blackwood,KR_BW_38,0.665,1101.7,1131.7,548,518,3,89,15.9,20.1,16.7,23.3,0.945255474
26-Feb-25,25-Feb,korea,korea-blackwood,KR_BW_38,0.665,1394,1424,555,525,3,90,17.5,20.2,15.2,26.3,0.945945946
27-Feb-25,25-Feb,korea,korea-blackwood,KR_BW_38,0.665,1145,1174,555,526,3,90,16.6,20.1,13.7,22.8,0.947747748
28-Feb-25,25-Feb,korea,korea-blackwood,KR_BW_38,0.665,886,916,513,483,3,84,18.9,20.2,22.5,38.6,0.941520468
01-Mar-25,25-Mar,korea,korea-blackwood,KR_BW_38,0.665,198,325,130,3,0,25.5,19,20.3,25.8,48.3,0.023076923
02-Mar-25,25-Mar,korea,korea-blackwood,KR_BW_38,0.665,453.5,453.5,0,0,0,0,18.9,20.3,38.9,54.8,0
03-Mar-25,25-Mar,korea,korea-blackwood,KR_BW_38,0.665,490.5,379.5,0,111,0,22.5,15.6,19.9,32.2,44.6,0
04-Mar-25,25-Mar,korea,korea-blackwood,KR_BW_38,0.665,460.7,475.7,236,221,3,43,17,20,32.5,36.3,0.936440678
05-Mar-25,25-Mar,korea,korea-blackwood,KR_BW_38,0.665,310.6,321.6,129,118,3,25.5,17.6,19.3,33.3,36.3,0.914728682
06-Mar-25,25-Mar,korea,korea-blackwood,KR_BW_38,0.665,1477.7,1509.7,557,525,3,90.5,16.5,20.2,23.2,34.9,0.942549372
07-Mar-25,25-Mar,korea,korea-blackwood,KR_BW_38,0.665,1249,1281,558,526,3,90,17.6,20.2,22,27.2,0.94265233
08-Mar-25,25-Mar,korea,korea-blackwood,KR_BW_38,0.665,629.5,652.5,388,365,3,64,19,20.2,24.4,31.6,0.940721649
09-Mar-25,25-Mar,korea,korea-blackwood,KR_BW_38,0.665,1419,1451,558,526,3,90.5,17.8,20.2,23.2,29.4,0.94265233
10-Mar-25,25-Mar,korea,korea-blackwood,KR_BW_38,0.665,917.8,948.8,555,524,3,90,18.8,20.1,23.1,31.5,0.944144144
11-Mar-25,25-Mar,korea,korea-blackwood,KR_BW_38,0.665,1472.4,1504.4,558,526,3,90.2,18.9,20.1,23.2,30.9,0.94265233
12-Mar-25,25-Mar,korea,korea-blackwood,KR_BW_38,0.665,840.8,871.8,547,516,3,88.5,19,20.2,23.9,39.5,0.943327239
13-Mar-25,25-Mar,korea,korea-blackwood,KR_BW_38,0.665,1148.8,1180.8,558,526,3,90,19.1,20.3,16.6,38.3,0.94265233
14-Mar-25,25-Mar,korea,korea-blackwood,KR_BW_38,0.665,1380,1412,558,526,3,90,19.1,20.3,21.7,28.4,0.94265233
15-Mar-25,25-Mar,korea,korea-blackwood,KR_BW_38,0.665,284.4,719.4,451,16,0,74.7,19.1,20.3,27.6,35.1,0.035476718
16-Mar-25,25-Mar,korea,korea-blackwood,KR_BW_38,0.665,882.3,882.3,0,0,0,0,15.4,19.7,19.5,32,0
17-Mar-25,25-Mar,korea,korea-blackwood,KR_BW_38,0.665,1820.7,1423.7,119,516,0,90,13.6,17.2,17.2,21.4,4.336134454
18-Mar-25,25-Mar,korea,korea-blackwood,KR_BW_38,0.665,382,394,237,225,3,43.5,15.4,17.7,20.1,28,0.949367089
19-Mar-25,25-Mar,korea,korea-blackwood,KR_BW_38,0.665,1430.3,1463.3,556,523,3,90.5,14.5,20.2,18.3,24.1,0.940647482
20-Mar-25,25-Mar,korea,korea-blackwood,KR_BW_38,0.665,1344,1375,556,525,3,90,17,20.1,19.9,31.7,0.944244604
21-Mar-25,25-Mar,korea,korea-blackwood,KR_BW_38,0.665,1407.5,1438.5,557,526,3,90.3,18.9,20.1,24.2,34,0.944344704
22-Mar-25,25-Mar,korea,korea-blackwood,KR_BW_38,0.665,1376.8,1409.8,558,525,3,90.1,19,20.2,25.6,35.8,0.940860215
23-Mar-25,25-Mar,korea,korea-blackwood,KR_BW_38,0.665,1293,1324,557,526,3,90,19,20.2,26.3,36.6,0.944344704
24-Mar-25,25-Mar,korea,korea-blackwood,KR_BW_38,0.665,1195.4,1227.4,557,525,3,90,19,20.2,32.9,46.3,0.942549372
25-Mar-25,25-Mar,korea,korea-blackwood,KR_BW_38,0.665,1161.3,1193.3,557,525,3,90,19,20.3,31.6,44.6,0.942549372
26-Mar-25,25-Mar,korea,korea-blackwood,KR_BW_38,0.665,1362.7,1392.7,557,527,2.5,90.1,19,20.7,27.7,49.5,0.946140036
27-Mar-25,25-Mar,korea,korea-blackwood,KR_BW_38,0.665,226.6,229.6,41,38,3,12.5,19,20.6,35.6,49.9,0.926829268
28-Mar-25,25-Mar,korea,korea-blackwood,KR_BW_38,0.665,1413.4,1449.4,561,525,3,90.5,18.8,20.3,22.4,35.7,0.935828877
29-Mar-25,25-Mar,korea,korea-blackwood,KR_BW_38,0.665,1014.8,1044.8,532,502,3,86.6,19,20.2,17.1,26.9,0.943609023
30-Mar-25,25-Mar,korea,korea-blackwood,KR_BW_38,0.665,1326,1359,558,525,3,90.5,19,20,16.5,22,0.940860215
31-Mar-25,25-Mar,korea,korea-blackwood,KR_BW_38,0.665,1298.8,1329.8,556,525,3,90,18.9,20.1,20.5,27.9,0.944244604
01-Apr-25,25-Apr,korea,korea-blackwood,KR_BW_38,0.665,1494,1525,557,526,3,90.5,19,20.1,22.1,28.9,0.944344704
02-Apr-25,25-Apr,korea,korea-blackwood,KR_BW_38,0.665,1234,1267,558,525,3,90.5,18.9,20.1,20.5,32.1,0.940860215
03-Apr-25,25-Apr,korea,korea-blackwood,KR_BW_38,0.665,1282.2,1313.2,556,525,3,90,19,20,30.3,33.8,0.944244604
04-Apr-25,25-Apr,korea,korea-blackwood,KR_BW_38,0.665,1336.8,1368.8,556,524,0,90,19,20.1,26.7,36.2,0.942446043
05-Apr-25,25-Apr,korea,korea-blackwood,KR_BW_38,0.665,260.7,262.7,24,22,3,10.5,19,20.2,34.8,46,0.916666667
06-Apr-25,25-Apr,korea,korea-blackwood,KR_BW_38,0.665,1579.7,1613.7,560,526,3,90.5,17.9,20.1,25.9,36.8,0.939285714
07-Apr-25,25-Apr,korea,korea-blackwood,KR_BW_38,0.665,1510.6,1543.6,558,525,3,90.5,19,20.2,23.8,34.6,0.940860215
08-Apr-25,25-Apr,korea,korea-blackwood,KR_BW_38,0.665,1484.4,1516.4,557,525,3,90.5,19,20.2,21.3,42.9,0.942549372
09-Apr-25,25-Apr,korea,korea-blackwood,KR_BW_38,0.665,1067.6,1098.6,555,524,3,90,19,20.2,23.5,40.5,0.944144144
10-Apr-25,25-Apr,korea,korea-blackwood,KR_BW_38,0.665,1385.2,1417.2,557,525,3,90.3,19,20.1,31.6,45,0.942549372
11-Apr-25,25-Apr,korea,korea-blackwood,KR_BW_38,0.665,1496.2,1528.2,557,525,3,90,19,20.2,27.6,42.2,0.942549372
12-Apr-25,25-Apr,korea,korea-blackwood,KR_BW_38,0.665,559.8,573.8,237,223,3,43,18.8,20.2,36.9,50.5,0.94092827
13-Apr-25,25-Apr,korea,korea-blackwood,KR_BW_38,0.665,1228.2,1262.2,558,524,3,90,19,20.2,26.4,42.7,0.9390681
14-Apr-25,25-Apr,korea,korea-blackwood,KR_BW_38,0.665,554.8,563.8,152,143,3,30.5,19,20.2,26.8,36,0.940789474
15-Apr-25,25-Apr,korea,korea-blackwood,KR_BW_38,0.665,1586.2,1621.2,560,525,3,90.5,19,20.2,30,36.1,0.9375
16-Apr-25,25-Apr,korea,korea-blackwood,KR_BW_38,0.665,1396.6,1427.6,556,525,3,90,19,20.8,29.6,49.7,0.944244604
17-Apr-25,25-Apr,korea,korea-blackwood,KR_BW_38,0.665,783.7,1339.7,556,0,0,90,19.5,21.7,35.5,48.4,0
18-Apr-25,25-Apr,korea,korea-blackwood,KR_BW_38,0.665,1869.3,1376.3,556,1049,0,90,19.6,21.6,35.4,48.5,1.886690647
19-Apr-25,25-Apr,korea,korea-blackwood,KR_BW_38,0.665,975.2,1010.2,556,521,3,90,19.8,21.5,35.6,49.1,0.93705036
20-Apr-25,25-Apr,korea,korea-blackwood,KR_BW_38,0.665,1108.2,1136.2,552,524,2.5,90,19.5,21.5,35.4,48.7,0.949275362
21-Apr-25,25-Apr,korea,korea-blackwood,KR_BW_38,0.665,1235.8,1267.8,558,526,2.5,90,19.6,21.6,34.8,49.8,0.94265233
22-Apr-25,25-Apr,korea,korea-blackwood,KR_BW_38,0.665,254,258,49,45,3,14,19.3,20.7,35.3,49.9,0.918367347
23-Apr-25,25-Apr,korea,korea-blackwood,KR_BW_38,0.665,1150.8,1184.8,557,523,3,90,19.1,20.6,36.1,50.6,0.938958707
24-Apr-25,25-Apr,korea,korea-blackwood,KR_BW_38,0.665,1542,1574,557,525,3,90.5,19.4,20.9,30.9,47.7,0.942549372
25-Apr-25,25-Apr,korea,korea-blackwood,KR_BW_38,0.665,1718,1751,557,524,3,90.5,19,20.2,19.5,34.2,0.940754039
26-Apr-25,25-Apr,korea,korea-blackwood,KR_BW_38,0.665,1646.2,1678.2,557,525,3,90.3,19.1,20.3,23.2,33.9,0.942549372
27-Apr-25,25-Apr,korea,korea-blackwood,KR_BW_38,0.665,1406,1438,556,524,3,90,19.1,20.4,25,36.7,0.942446043
28-Apr-25,25-Apr,korea,korea-blackwood,KR_BW_38,0.665,1712.8,1744.8,557,525,3,90.5,19.1,20.3,29,47.7,0.942549372
29-Apr-25,25-Apr,korea,korea-blackwood,KR_BW_38,0.665,1678,1710,557,525,3,90.3,19.1,20.2,28.1,36.6,0.942549372
30-Apr-25,25-Apr,korea,korea-blackwood,KR_BW_38,0.665,1649.2,1681.2,557,525,3,90.2,19.1,20.8,31.7,45.3,0.942549372
01-May-25,25-May,korea,korea-blackwood,KR_BW_38,0.665,286,288,54,52,3,14.2,19.1,20.4,36.1,50.5,0.962962963
02-May-25,25-May,korea,korea-blackwood,KR_BW_38,0.665,1754.5,1791.5,561,524,3,90.5,18.9,20.5,34.6,44.3,0.934046346
03-May-25,25-May,korea,korea-blackwood,KR_BW_38,0.665,509.7,523.7,242,228,3,43.3,19.1,20.1,40.9,49.7,0.94214876
04-May-25,25-May,korea,korea-blackwood,KR_BW_38,0.665,1725.3,1758.3,558,525,3,90.5,19.1,20.2,25.4,44.4,0.940860215
05-May-25,25-May,korea,korea-blackwood,KR_BW_38,0.665,470.3,476.3,85,79,3,17.5,19.1,20.1,31.5,47.2,0.929411765
06-May-25,25-May,korea,korea-blackwood,KR_BW_38,0.665,590.4,607.4,231,214,3,42.5,19,20.1,40.3,50.4,0.926406926
07-May-25,25-May,korea,korea-blackwood,KR_BW_38,0.665,1590.3,1623.3,557,524,3,90.5,19.1,20.2,35.7,44.1,0.940754039
08-May-25,25-May,korea,korea-blackwood,KR_BW_38,0.665,1504.5,1536.5,557,525,3,90.5,19.1,20.4,34.7,48.6,0.942549372
09-May-25,25-May,korea,korea-blackwood,KR_BW_38,0.665,160,160,12,12,3,6.5,19.2,20.4,39.3,50.9,1
10-May-25,25-May,korea,korea-blackwood,KR_BW_38,0.665,483.2,502.2,253,234,3,45,18.9,20.1,37.4,48.4,0.924901186
11-May-25,25-May,korea,korea-blackwood,KR_BW_38,0.665,1179.8,1212.8,556,523,3,90,19.1,20.5,36,49.9,0.940647482
12-May-25,25-May,korea,korea-blackwood,KR_BW_38,0.665,1453,1484,557,526,2.5,90.5,19.1,21.3,35.4,47.5,0.944344704
13-May-25,25-May,korea,korea-blackwood,KR_BW_38,0.665,1451.8,1482.8,556,525,2.5,90,19.2,21.5,35.2,48.3,0.944244604
14-May-25,25-May,korea,korea-blackwood,KR_BW_38,0.665,1492,1524,556,524,0,90,19.4,21.5,35,52.9,0.942446043
15-May-25,25-May,korea,korea-blackwood,KR_BW_38,0.665,371,379,123,115,3,24,19.7,21,36.1,51.8,0.93495935
16-May-25,25-May,korea,korea-blackwood,KR_BW_38,0.665,291.4,300.4,111,102,3,22,19.2,20.3,36.8,51.6,0.918918919
17-May-25,25-May,korea,korea-blackwood,KR_BW_38,0.665,1116,1149,556,523,3,90,19.2,21.1,36.3,51.2,0.940647482
18-May-25,25-May,korea,korea-blackwood,KR_BW_38,0.665,1734.8,1766.8,557,525,3,90.5,19.4,21.1,35.5,47.3,0.942549372
19-May-25,25-May,korea,korea-blackwood,KR_BW_38,0.665,922.5,948.5,451,425,2.5,75,19.4,21.4,35.3,49.1,0.942350333
20-May-25,25-May,korea,korea-blackwood,KR_BW_38,0.665,484.7,496.7,195,183,2.5,36.5,19.9,21.2,36.5,53,0.938461538
21-May-25,25-May,korea,korea-blackwood,KR_BW_38,0.665,779.6,799.6,311,291,2.5,54,19.3,21.1,37,52.5,0.935691318
22-May-25,25-May,korea,korea-blackwood,KR_BW_38,0.665,962.4,989.4,475,448,2.5,78.5,19.6,20.8,36.3,51.2,0.943157895
23-May-25,25-May,korea,korea-blackwood,KR_BW_38,0.665,753.8,781.8,472,444,2.8,78,19.5,20.9,35.5,49.2,0.940677966
24-May-25,25-May,korea,korea-blackwood,KR_BW_38,0.665,590.8,607.8,272,255,3,48.2,19.5,20.7,36,47.9,0.9375
25-May-25,25-May,korea,korea-blackwood,KR_BW_38,0.665,1666.4,1700.4,558,524,3,90.5,19.2,20.9,35,47.9,0.9390681
26-May-25,25-May,korea,korea-blackwood,KR_BW_38,0.665,1477,1508,556,525,2.5,90,19.4,21.4,35,47,0.944244604
27-May-25,25-May,korea,korea-blackwood,KR_BW_38,0.665,1540.8,1572.8,557,525,2.5,90.5,19.5,21.7,35.1,47.5,0.942549372
28-May-25,25-May,korea,korea-blackwood,KR_BW_38,0.665,1591,1623,557,525,2.5,90.3,19.4,22.1,34.5,46.7,0.942549372
29-May-25,25-May,korea,korea-blackwood,KR_BW_38,0.665,1574.5,1606.5,557,525,2.5,90,19.5,21.8,35.1,47.1,0.942549372
30-May-25,25-May,korea,korea-blackwood,KR_BW_38,0.665,1516.7,1548.7,556,524,2.7,90,19.5,21.6,35,47.1,0.942446043
31-May-25,25-May,korea,korea-blackwood,KR_BW_38,0.665,1207.8,1237.8,553,523,2.5,90,19.5,21.5,34.9,48.6,0.945750452
01-Jun-25,25-Jun,korea,korea-blackwood,KR_BW_38,0.665,1400,1433,556,523,2.5,90,19.5,22,34.5,48.5,0.940647482
02-Jun-25,25-Jun,korea,korea-blackwood,KR_BW_38,0.665,441.5,452.5,186,175,2.5,35.1,19.5,21,35.6,48.8,0.940860215
03-Jun-25,25-Jun,korea,korea-blackwood,KR_BW_38,0.665,1581.7,1615.7,557,523,3,90,19.5,21,35.5,49.3,0.938958707
04-Jun-25,25-Jun,korea,korea-blackwood,KR_BW_38,0.665,1714.8,1747.8,557,524,3,90.5,19.4,21.7,35,46.7,0.940754039
05-Jun-25,25-Jun,korea,korea-blackwood,KR_BW_38,0.665,1588.2,1620.2,556,524,2.5,90,19.5,22,34.7,47.5,0.942446043
06-Jun-25,25-Jun,korea,korea-blackwood,KR_BW_38,0.665,726.8,743.8,278,261,2.5,49,19.5,21.2,35.4,47.6,0.938848921
07-Jun-25,25-Jun,korea,korea-blackwood,KR_BW_38,0.665,1495.8,1527.8,557,525,2.5,90,19.4,22.1,35.6,49.3,0.942549372
08-Jun-25,25-Jun,korea,korea-blackwood,KR_BW_38,0.665,1236,1268,555,523,2.5,90,20,22.2,35.2,51.2,0.942342342
09-Jun-25,25-Jun,korea,korea-blackwood,KR_BW_38,0.665,1365,1396,555,524,2.5,90,20,22.2,35.8,50.7,0.944144144
10-Jun-25,25-Jun,korea,korea-blackwood,KR_BW_38,0.665,1235,1267,555,523,2.5,90,20,21.7,35,49.7,0.942342342
11-Jun-25,25-Jun,korea,korea-blackwood,KR_BW_38,0.665,1705,1738,557,524,2.5,90,19.9,22.2,34.7,48.3,0.940754039
12-Jun-25,25-Jun,korea,korea-blackwood,KR_BW_38,0.665,1271,1301,554,524,2.5,90,19.8,22.3,34.8,49.1,0.945848375
13-Jun-25,25-Jun,korea,korea-blackwood,KR_BW_38,0.665,453.4,465.4,166,154,2.5,32.5,19.9,20.9,36.1,51.1,0.927710843
14-Jun-25,25-Jun,korea,korea-blackwood,KR_BW_38,0.665,861.3,874.3,219,206,0,40,19.8,21.7,36.3,79.5,0.940639269
15-Jun-25,25-Jun,korea,korea-blackwood,KR_BW_38,0.665,1092.3,1125.3,556,523,2.5,90,19.6,21.9,36.6,53,0.940647482
16-Jun-25,25-Jun,korea,korea-blackwood,KR_BW_38,0.665,653,671,310,292,2.5,53.5,19.9,21.7,35.8,52.1,0.941935484
17-Jun-25,25-Jun,korea,korea-blackwood,KR_BW_38,0.665,1056.2,1089.2,556,523,2.5,90,19.8,22,36.2,52.3,0.940647482
18-Jun-25,25-Jun,korea,korea-blackwood,KR_BW_38,0.665,1490.2,1522.2,557,525,2.5,90.3,19.9,22.3,35.8,49.2,0.942549372
19-Jun-25,25-Jun,korea,korea-blackwood,KR_BW_38,0.665,1129.3,1160.3,554,523,2.5,90,20,22.3,36,51,0.944043321
20-Jun-25,25-Jun,korea,korea-blackwood,KR_BW_38,0.665,357.3,365.3,109,101,2.5,21.5,20.1,22,36.2,52.2,0.926605505
21-Jun-25,25-Jun,korea,korea-blackwood,KR_BW_38,0.665,100.7,102.7,4,2,3,3.5,19.4,20.9,37,53.7,0.5
22-Jun-25,25-Jun,korea,korea-blackwood,KR_BW_38,0.665,1141.5,1172.5,546,515,2.5,89,19.1,21.3,36.1,51.3,0.943223443
23-Jun-25,25-Jun,korea,korea-blackwood,KR_BW_38,0.665,1674.5,1707.5,558,525,2.5,90.5,19.5,22.2,35.3,49.6,0.940860215
24-Jun-25,25-Jun,korea,korea-blackwood,KR_BW_38,0.665,218.3,219.3,14,13,3,6.5,19.8,21.6,35.9,51.6,0.928571429
25-Jun-25,25-Jun,korea,korea-blackwood,KR_BW_38,0.665,1159.2,1195.2,560,524,2.5,90.3,19.5,21.5,36,50.8,0.935714286
26-Jun-25,25-Jun,korea,korea-blackwood,KR_BW_38,0.665,1383.8,1415.8,556,524,2.5,90,19.9,22.1,35.6,50.2,0.942446043
27-Jun-25,25-Jun,korea,korea-blackwood,KR_BW_38,0.665,1498.2,1530.2,556,524,2.5,90,20,22.5,35.4,50.5,0.942446043
28-Jun-25,25-Jun,korea,korea-blackwood,KR_BW_38,0.665,1341.5,1373.5,556,524,2.5,90,20.7,22.9,35.4,52,0.942446043
29-Jun-25,25-Jun,korea,korea-blackwood,KR_BW_38,0.665,1394.3,1425.3,555,524,2.5,90,20.7,23,35.7,51.8,0.944144144
30-Jun-25,25-Jun,korea,korea-blackwood,KR_BW_38,0.665,1359.4,1391.4,555,523,2.5,90,20.6,23,34.9,51.1,0.944144144
